Date :,2/7/20 12:24,,,,,,,,,,,
Motion Threshold (au):,20,,,,,,,,,,,
Detection Method:,Linear,,,,,,,,,,,
Min Freeze Duration (f):,30,,,,,,,,,,,
,,,,,,,,,,,,
,,,,,,,,,,,,
,,,,,,,,,,,,
Component Details,,,,,,,,,,,,
Component Name,Start Time,Duration (s),Start Frame,Duration Frames,,,,,,,,
1, 0:00:00.000,20,0,600,,,,,,,,
2, 0:00:20.000,20,600,600,,,,,,,,
3, 0:00:40.000,20,1200,600,,,,,,,,
4, 0:01:00.000,20,1800,600,,,,,,,,
5, 0:01:20.000,20,2400,600,,,,,,,,
6, 0:01:40.000,20,3000,600,,,,,,,,
7, 0:02:00.000,20,3600,600,,,,,,,,
8, 0:02:20.000,20,4200,600,,,,,,,,
9, 0:02:40.000,20,4800,600,,,,,,,,
10, 0:03:00.000,20,5400,600,,,,,,,,
11, 0:03:20.000,20,6000,600,,,,,,,,
12, 0:03:40.000,20,6600,600,,,,,,,,
Tone-1, 0:04:00.000,20,7200,600,,,,,,,,
Trace-1, 0:04:20.000,20,7800,600,,,,,,,,
13, 0:04:40.000,20,8400,600,,,,,,,,
14, 0:05:00.000,20,9000,600,,,,,,,,
15, 0:05:20.000,20,9600,600,,,,,,,,
16, 0:05:40.000,20,10200,600,,,,,,,,
17, 0:06:00.000,20,10800,600,,,,,,,,
18, 0:06:20.000,20,11400,600,,,,,,,,
19, 0:06:40.000,20,12000,600,,,,,,,,
20, 0:07:00.000,20,12600,600,,,,,,,,
21, 0:07:20.000,20,13200,600,,,,,,,,
22, 0:07:40.000,20,13800,600,,,,,,,,
23, 0:08:00.000,20,14400,600,,,,,,,,
24, 0:08:20.000,20,15000,600,,,,,,,,
Tone-2, 0:08:40.000,20,15600,600,,,,,,,,
Trace-2, 0:09:00.000,20,16200,600,,,,,,,,
25, 0:09:20.000,20,16800,600,,,,,,,,
26, 0:09:40.000,20,17400,600,,,,,,,,
27, 0:10:00.000,20,18000,600,,,,,,,,
28, 0:10:20.000,20,18600,600,,,,,,,,
29, 0:10:40.000,20,19200,600,,,,,,,,
30, 0:11:00.000,20,19800,600,,,,,,,,
31, 0:11:20.000,20,20400,600,,,,,,,,
32, 0:11:40.000,20,21000,600,,,,,,,,
33, 0:12:00.000,20,21600,600,,,,,,,,
34, 0:12:20.000,20,22200,600,,,,,,,,
35, 0:12:40.000,20,22800,600,,,,,,,,
36, 0:13:00.000,20,23400,600,,,,,,,,
Tone-3, 0:13:20.000,20,24000,600,,,,,,,,
Trace-3, 0:13:40.000,20,24600,600,,,,,,,,
37, 0:14:00.000,20,25200,600,,,,,,,,
38, 0:14:20.000,20,25800,600,,,,,,,,
39, 0:14:40.000,20,26400,600,,,,,,,,
40, 0:15:00.000,20,27000,600,,,,,,,,
41, 0:15:20.000,20,27600,600,,,,,,,,
42, 0:15:40.000,20,28200,600,,,,,,,,
43, 0:16:00.000,20,28800,600,,,,,,,,
44, 0:16:20.000,20,29400,600,,,,,,,,
45, 0:16:40.000,20,30000,600,,,,,,,,
46, 0:17:00.000,20,30600,600,,,,,,,,
47, 0:17:20.000,20,31200,600,,,,,,,,
48, 0:17:40.000,20,31800,600,,,,,,,,
Tone-4, 0:18:00.000,20,32400,600,,,,,,,,
Trace-4, 0:18:20.000,20,33000,600,,,,,,,,
49, 0:18:40.000,20,33600,600,,,,,,,,
50, 0:19:00.000,20,34200,600,,,,,,,,
51, 0:19:20.000,20,34800,600,,,,,,,,
52, 0:19:40.000,20,35400,600,,,,,,,,
53, 0:20:00.000,20,36000,600,,,,,,,,
54, 0:20:20.000,20,36600,600,,,,,,,,
55, 0:20:40.000,20,37200,600,,,,,,,,
56, 0:21:00.000,20,37800,600,,,,,,,,
57, 0:21:20.000,20,38400,600,,,,,,,,
58, 0:21:40.000,20,39000,600,,,,,,,,
59, 0:22:00.000,20,39600,600,,,,,,,,
60, 0:22:20.000,20,40200,600,,,,,,,,
Tone-5, 0:22:40.000,20,40800,600,,,,,,,,
Trace-5, 0:23:00.000,20,41400,600,,,,,,,,
61, 0:23:20.000,20,42000,600,,,,,,,,
62, 0:23:40.000,20,42600,600,,,,,,,,
63, 0:24:00.000,20,43200,600,,,,,,,,
64, 0:24:20.000,20,43800,600,,,,,,,,
65, 0:24:40.000,20,44400,600,,,,,,,,
66, 0:25:00.000,20,45000,600,,,,,,,,
67, 0:25:20.000,20,45600,600,,,,,,,,
68, 0:25:40.000,20,46200,600,,,,,,,,
69, 0:26:00.000,20,46800,600,,,,,,,,
70, 0:26:20.000,20,47400,600,,,,,,,,
71, 0:26:40.000,20,48000,600,,,,,,,,
72, 0:27:00.000,20,48600,600,,,,,,,,
Tone-6, 0:27:20.000,20,49200,600,,,,,,,,
Trace-6, 0:27:40.000,20,49800,600,,,,,,,,
73, 0:28:00.000,20,50400,600,,,,,,,,
74, 0:28:20.000,20,51000,600,,,,,,,,
75, 0:28:40.000,20,51600,600,,,,,,,,
76, 0:29:00.000,20,52200,600,,,,,,,,
77, 0:29:20.000,20,52800,600,,,,,,,,
78, 0:29:40.000,20,53400,600,,,,,,,,
79, 0:30:00.000,20,54000,600,,,,,,,,
80, 0:30:20.000,20,54600,600,,,,,,,,
81, 0:30:40.000,20,55200,600,,,,,,,,
82, 0:31:00.000,20,55800,600,,,,,,,,
83, 0:31:20.000,20,56400,600,,,,,,,,
84, 0:31:40.000,20,57000,600,,,,,,,,
,,,,,,,,,,,,
Experiment,Trial,Box,Animal,Group,Component Name,Freeze Cnt,Time Freezing,Pct Total Time Freezing,Pct Component Time Freezing,Avg Motion Index,Min Motion Index,Max Motion Index
2020-02-07 TFC 3shock TONE TEST session ,1,Chamber1,257,squad-1,1,2,4.033,0.21,20.17,33.04,0,511
2020-02-07 TFC 3shock TONE TEST session ,1,Chamber1,257,squad-1,2,2,4.1,0.21,20.5,162.71,0,895
2020-02-07 TFC 3shock TONE TEST session ,1,Chamber1,257,squad-1,3,4,17.067,0.89,85.33,19.07,0,593
2020-02-07 TFC 3shock TONE TEST session ,1,Chamber1,257,squad-1,4,6,11.433,0.6,57.17,37.34,0,588
2020-02-07 TFC 3shock TONE TEST session ,1,Chamber1,257,squad-1,5,1,1.4,0.07,7,188.39,0,1043
2020-02-07 TFC 3shock TONE TEST session ,1,Chamber1,257,squad-1,6,4,11.133,0.58,55.67,39.51,0,556
2020-02-07 TFC 3shock TONE TEST session ,1,Chamber1,257,squad-1,7,5,17.267,0.9,86.33,7.59,0,228
2020-02-07 TFC 3shock TONE TEST session ,1,Chamber1,257,squad-1,8,3,7.033,0.37,35.17,73.39,0,801
2020-02-07 TFC 3shock TONE TEST session ,1,Chamber1,257,squad-1,9,6,13.1,0.68,65.5,38.53,0,3429
2020-02-07 TFC 3shock TONE TEST session ,1,Chamber1,257,squad-1,10,2,9.033,0.47,45.17,49.66,0,707
2020-02-07 TFC 3shock TONE TEST session ,1,Chamber1,257,squad-1,11,0,0,0,0,211.6,0,930
2020-02-07 TFC 3shock TONE TEST session ,1,Chamber1,257,squad-1,12,0,0,0,0,194.71,0,1203
2020-02-07 TFC 3shock TONE TEST session ,1,Chamber1,257,squad-1,Tone-1,4,8.667,0.45,43.33,106.4,0,960
2020-02-07 TFC 3shock TONE TEST session ,1,Chamber1,257,squad-1,Trace-1,2,9.2,0.48,46,159.39,0,1015
2020-02-07 TFC 3shock TONE TEST session ,1,Chamber1,257,squad-1,13,2,5.5,0.29,27.5,104.82,0,1087
2020-02-07 TFC 3shock TONE TEST session ,1,Chamber1,257,squad-1,14,2,2.267,0.12,11.33,91.39,0,902
2020-02-07 TFC 3shock TONE TEST session ,1,Chamber1,257,squad-1,15,1,3.033,0.16,15.17,222.26,0,1304
2020-02-07 TFC 3shock TONE TEST session ,1,Chamber1,257,squad-1,16,2,3.467,0.18,17.33,263.35,0,1300
2020-02-07 TFC 3shock TONE TEST session ,1,Chamber1,257,squad-1,17,1,11.033,0.57,55.17,79.51,0,1034
2020-02-07 TFC 3shock TONE TEST session ,1,Chamber1,257,squad-1,18,4,6.667,0.35,33.33,91.86,0,1045
2020-02-07 TFC 3shock TONE TEST session ,1,Chamber1,257,squad-1,19,0,0,0,0,165.63,0,1480
2020-02-07 TFC 3shock TONE TEST session ,1,Chamber1,257,squad-1,20,1,1.1,0.06,5.5,169.12,0,1476
2020-02-07 TFC 3shock TONE TEST session ,1,Chamber1,257,squad-1,21,1,1.1,0.06,5.5,149.62,0,897
2020-02-07 TFC 3shock TONE TEST session ,1,Chamber1,257,squad-1,22,1,1.6,0.08,8,237.6,0,1259
2020-02-07 TFC 3shock TONE TEST session ,1,Chamber1,257,squad-1,23,0,0,0,0,270.16,0,1086
2020-02-07 TFC 3shock TONE TEST session ,1,Chamber1,257,squad-1,24,0,0,0,0,188.52,0,912
2020-02-07 TFC 3shock TONE TEST session ,1,Chamber1,257,squad-1,Tone-2,3,11.833,0.62,59.17,48.13,0,637
2020-02-07 TFC 3shock TONE TEST session ,1,Chamber1,257,squad-1,Trace-2,2,14.6,0.76,73,43.6,0,436
2020-02-07 TFC 3shock TONE TEST session ,1,Chamber1,257,squad-1,25,3,6.167,0.32,30.83,74.61,0,777
2020-02-07 TFC 3shock TONE TEST session ,1,Chamber1,257,squad-1,26,2,8.033,0.42,40.17,135.95,0,1275
2020-02-07 TFC 3shock TONE TEST session ,1,Chamber1,257,squad-1,27,1,1.833,0.1,9.17,185.59,0,1030
2020-02-07 TFC 3shock TONE TEST session ,1,Chamber1,257,squad-1,28,0,0,0,0,179.64,0,1159
2020-02-07 TFC 3shock TONE TEST session ,1,Chamber1,257,squad-1,29,1,2.167,0.11,10.83,225.03,0,1411
2020-02-07 TFC 3shock TONE TEST session ,1,Chamber1,257,squad-1,30,1,1.1,0.06,5.5,224.29,0,1193
2020-02-07 TFC 3shock TONE TEST session ,1,Chamber1,257,squad-1,31,2,3.033,0.16,15.17,116.07,0,1239
2020-02-07 TFC 3shock TONE TEST session ,1,Chamber1,257,squad-1,32,1,2.867,0.15,14.33,199.83,0,998
2020-02-07 TFC 3shock TONE TEST session ,1,Chamber1,257,squad-1,33,0,0,0,0,359.07,0,1122
2020-02-07 TFC 3shock TONE TEST session ,1,Chamber1,257,squad-1,34,0,0,0,0,183.26,0,1170
2020-02-07 TFC 3shock TONE TEST session ,1,Chamber1,257,squad-1,35,2,2.833,0.15,14.17,130.75,0,827
2020-02-07 TFC 3shock TONE TEST session ,1,Chamber1,257,squad-1,36,1,2.1,0.11,10.5,116.19,0,1090
2020-02-07 TFC 3shock TONE TEST session ,1,Chamber1,257,squad-1,Tone-3,2,18.367,0.96,91.83,6.43,0,477
2020-02-07 TFC 3shock TONE TEST session ,1,Chamber1,257,squad-1,Trace-3,3,14.733,0.77,73.67,14.22,0,363
2020-02-07 TFC 3shock TONE TEST session ,1,Chamber1,257,squad-1,37,5,12.433,0.65,62.17,35.57,0,405
2020-02-07 TFC 3shock TONE TEST session ,1,Chamber1,257,squad-1,38,1,1.167,0.06,5.83,154.74,0,951
2020-02-07 TFC 3shock TONE TEST session ,1,Chamber1,257,squad-1,39,2,4.7,0.24,23.5,42.78,0,522
2020-02-07 TFC 3shock TONE TEST session ,1,Chamber1,257,squad-1,40,1,1.6,0.08,8,74.38,0,755
2020-02-07 TFC 3shock TONE TEST session ,1,Chamber1,257,squad-1,41,0,0,0,0,256.65,0,1288
2020-02-07 TFC 3shock TONE TEST session ,1,Chamber1,257,squad-1,42,2,2.133,0.11,10.67,68.91,0,785
2020-02-07 TFC 3shock TONE TEST session ,1,Chamber1,257,squad-1,43,1,1.067,0.06,5.33,70.22,0,616
2020-02-07 TFC 3shock TONE TEST session ,1,Chamber1,257,squad-1,44,1,1.7,0.09,8.5,120.15,0,580
2020-02-07 TFC 3shock TONE TEST session ,1,Chamber1,257,squad-1,45,1,1.133,0.06,5.67,73.56,0,623
2020-02-07 TFC 3shock TONE TEST session ,1,Chamber1,257,squad-1,46,0,0,0,0,78.03,0,407
2020-02-07 TFC 3shock TONE TEST session ,1,Chamber1,257,squad-1,47,4,12.467,0.65,62.33,24.14,0,350
2020-02-07 TFC 3shock TONE TEST session ,1,Chamber1,257,squad-1,48,3,9.7,0.51,48.5,72.66,0,732
2020-02-07 TFC 3shock TONE TEST session ,1,Chamber1,257,squad-1,Tone-4,3,13.9,0.72,69.5,33.37,0,883
2020-02-07 TFC 3shock TONE TEST session ,1,Chamber1,257,squad-1,Trace-4,3,18.133,0.94,90.67,3.34,0,147
2020-02-07 TFC 3shock TONE TEST session ,1,Chamber1,257,squad-1,49,3,10.767,0.56,53.83,26.39,0,550
2020-02-07 TFC 3shock TONE TEST session ,1,Chamber1,257,squad-1,50,1,1.4,0.07,7,177.5,0,1021
2020-02-07 TFC 3shock TONE TEST session ,1,Chamber1,257,squad-1,51,5,9.833,0.51,49.17,79.72,0,1169
2020-02-07 TFC 3shock TONE TEST session ,1,Chamber1,257,squad-1,52,6,17.9,0.93,89.5,2.44,0,189
2020-02-07 TFC 3shock TONE TEST session ,1,Chamber1,257,squad-1,53,6,16.3,0.85,81.5,15.64,0,347
2020-02-07 TFC 3shock TONE TEST session ,1,Chamber1,257,squad-1,54,1,10.967,0.57,54.83,40.4,0,404
2020-02-07 TFC 3shock TONE TEST session ,1,Chamber1,257,squad-1,55,0,0,0,0,109.38,0,552
2020-02-07 TFC 3shock TONE TEST session ,1,Chamber1,257,squad-1,56,0,0,0,0,79.76,0,508
2020-02-07 TFC 3shock TONE TEST session ,1,Chamber1,257,squad-1,57,1,1.1,0.06,5.5,59.92,0,387
2020-02-07 TFC 3shock TONE TEST session ,1,Chamber1,257,squad-1,58,2,2.833,0.15,14.17,68.53,0,504
2020-02-07 TFC 3shock TONE TEST session ,1,Chamber1,257,squad-1,59,2,4.733,0.25,23.67,75.36,0,817
2020-02-07 TFC 3shock TONE TEST session ,1,Chamber1,257,squad-1,60,0,0,0,0,350.19,0,1428
2020-02-07 TFC 3shock TONE TEST session ,1,Chamber1,257,squad-1,Tone-5,3,15.1,0.79,75.5,16.27,0,525
2020-02-07 TFC 3shock TONE TEST session ,1,Chamber1,257,squad-1,Trace-5,2,17.433,0.91,87.17,4.71,0,182
2020-02-07 TFC 3shock TONE TEST session ,1,Chamber1,257,squad-1,61,2,19.967,1.04,99.83,0.27,0,22
2020-02-07 TFC 3shock TONE TEST session ,1,Chamber1,257,squad-1,62,3,14.6,0.76,73,14.77,0,322
2020-02-07 TFC 3shock TONE TEST session ,1,Chamber1,257,squad-1,63,4,14.767,0.77,73.83,6.29,0,131
2020-02-07 TFC 3shock TONE TEST session ,1,Chamber1,257,squad-1,64,5,17.467,0.91,87.33,2.5,0,58
2020-02-07 TFC 3shock TONE TEST session ,1,Chamber1,257,squad-1,65,2,16.6,0.86,83,7,0,250
2020-02-07 TFC 3shock TONE TEST session ,1,Chamber1,257,squad-1,66,3,12.4,0.65,62,10.33,0,225
2020-02-07 TFC 3shock TONE TEST session ,1,Chamber1,257,squad-1,67,5,15.367,0.8,76.83,7.75,0,244
2020-02-07 TFC 3shock TONE TEST session ,1,Chamber1,257,squad-1,68,6,19.733,1.03,98.67,1.18,0,72
2020-02-07 TFC 3shock TONE TEST session ,1,Chamber1,257,squad-1,69,3,16.8,0.88,84,4.98,0,141
2020-02-07 TFC 3shock TONE TEST session ,1,Chamber1,257,squad-1,70,2,8.9,0.46,44.5,46.77,0,501
2020-02-07 TFC 3shock TONE TEST session ,1,Chamber1,257,squad-1,71,2,4.333,0.23,21.67,60.5,0,543
2020-02-07 TFC 3shock TONE TEST session ,1,Chamber1,257,squad-1,72,5,13.6,0.71,68,11.27,0,254
2020-02-07 TFC 3shock TONE TEST session ,1,Chamber1,257,squad-1,Tone-6,2,19.667,1.02,98.33,0.72,0,59
2020-02-07 TFC 3shock TONE TEST session ,1,Chamber1,257,squad-1,Trace-6,3,15.133,0.79,75.67,8.55,0,214
2020-02-07 TFC 3shock TONE TEST session ,1,Chamber1,257,squad-1,73,4,15.733,0.82,78.67,7.65,0,182
2020-02-07 TFC 3shock TONE TEST session ,1,Chamber1,257,squad-1,74,3,13.6,0.71,68,24.82,0,746
2020-02-07 TFC 3shock TONE TEST session ,1,Chamber1,257,squad-1,75,1,1.967,0.1,9.83,42.81,0,341
2020-02-07 TFC 3shock TONE TEST session ,1,Chamber1,257,squad-1,76,6,10.6,0.55,53,14.65,0,195
2020-02-07 TFC 3shock TONE TEST session ,1,Chamber1,257,squad-1,77,7,17.833,0.93,89.17,2.73,0,72
2020-02-07 TFC 3shock TONE TEST session ,1,Chamber1,257,squad-1,78,4,14.867,0.77,74.33,5.58,0,82
2020-02-07 TFC 3shock TONE TEST session ,1,Chamber1,257,squad-1,79,3,17,0.89,85,3.82,0,169
2020-02-07 TFC 3shock TONE TEST session ,1,Chamber1,257,squad-1,80,7,16.833,0.88,84.17,3.09,0,66
2020-02-07 TFC 3shock TONE TEST session ,1,Chamber1,257,squad-1,81,6,17.833,0.93,89.17,1.83,0,56
2020-02-07 TFC 3shock TONE TEST session ,1,Chamber1,257,squad-1,82,4,18.167,0.95,90.83,2,0,109
2020-02-07 TFC 3shock TONE TEST session ,1,Chamber1,257,squad-1,83,2,5.3,0.28,26.5,44.27,0,305
2020-02-07 TFC 3shock TONE TEST session ,1,Chamber1,257,squad-1,84,3,7.067,0.37,35.33,31.91,0,414
,,,,,,,,,,,,
2020-02-07 TFC 3shock TONE TEST session ,1,Chamber2,258,squad-1,1,2,2.3,0.12,11.5,232.79,0,977
2020-02-07 TFC 3shock TONE TEST session ,1,Chamber2,258,squad-1,2,1,6.3,0.33,31.5,119.84,0,960
2020-02-07 TFC 3shock TONE TEST session ,1,Chamber2,258,squad-1,3,0,0,0,0,361.05,0,1215
2020-02-07 TFC 3shock TONE TEST session ,1,Chamber2,258,squad-1,4,0,0,0,0,295.02,0,1233
2020-02-07 TFC 3shock TONE TEST session ,1,Chamber2,258,squad-1,5,3,5.7,0.3,28.5,49.66,0,512
2020-02-07 TFC 3shock TONE TEST session ,1,Chamber2,258,squad-1,6,1,2.1,0.11,10.5,249.49,0,1381
2020-02-07 TFC 3shock TONE TEST session ,1,Chamber2,258,squad-1,7,2,2.667,0.14,13.33,63.94,0,690
2020-02-07 TFC 3shock TONE TEST session ,1,Chamber2,258,squad-1,8,2,5.433,0.28,27.17,145.26,0,877
2020-02-07 TFC 3shock TONE TEST session ,1,Chamber2,258,squad-1,9,2,3.033,0.16,15.17,233.59,0,1134
2020-02-07 TFC 3shock TONE TEST session ,1,Chamber2,258,squad-1,10,2,8.867,0.46,44.33,80.88,0,1090
2020-02-07 TFC 3shock TONE TEST session ,1,Chamber2,258,squad-1,11,2,8.5,0.44,42.5,78.42,0,744
2020-02-07 TFC 3shock TONE TEST session ,1,Chamber2,258,squad-1,12,0,0,0,0,297.81,0,1542
2020-02-07 TFC 3shock TONE TEST session ,1,Chamber2,258,squad-1,Tone-1,2,12.167,0.63,60.83,29.3,0,453
2020-02-07 TFC 3shock TONE TEST session ,1,Chamber2,258,squad-1,Trace-1,1,11.167,0.58,55.83,48.55,0,511
2020-02-07 TFC 3shock TONE TEST session ,1,Chamber2,258,squad-1,13,2,6.767,0.35,33.83,93.27,0,944
2020-02-07 TFC 3shock TONE TEST session ,1,Chamber2,258,squad-1,14,3,6.133,0.32,30.67,48.66,0,627
2020-02-07 TFC 3shock TONE TEST session ,1,Chamber2,258,squad-1,15,2,2.533,0.13,12.67,68.4,0,519
2020-02-07 TFC 3shock TONE TEST session ,1,Chamber2,258,squad-1,16,4,12.233,0.64,61.17,11.83,0,209
2020-02-07 TFC 3shock TONE TEST session ,1,Chamber2,258,squad-1,17,5,15.067,0.78,75.33,5.39,0,151
2020-02-07 TFC 3shock TONE TEST session ,1,Chamber2,258,squad-1,18,2,2.667,0.14,13.33,132,0,819
2020-02-07 TFC 3shock TONE TEST session ,1,Chamber2,258,squad-1,19,0,0,0,0,269.5,0,1540
2020-02-07 TFC 3shock TONE TEST session ,1,Chamber2,258,squad-1,20,0,0,0,0,301.14,0,1544
2020-02-07 TFC 3shock TONE TEST session ,1,Chamber2,258,squad-1,21,4,10.933,0.57,54.67,63.93,0,809
2020-02-07 TFC 3shock TONE TEST session ,1,Chamber2,258,squad-1,22,0,0,0,0,107.42,0,666
2020-02-07 TFC 3shock TONE TEST session ,1,Chamber2,258,squad-1,23,0,0,0,0,155.02,0,805
2020-02-07 TFC 3shock TONE TEST session ,1,Chamber2,258,squad-1,24,1,1.133,0.06,5.67,271.26,0,1239
2020-02-07 TFC 3shock TONE TEST session ,1,Chamber2,258,squad-1,Tone-2,2,6.1,0.32,30.5,131.35,0,883
2020-02-07 TFC 3shock TONE TEST session ,1,Chamber2,258,squad-1,Trace-2,2,15.433,0.8,77.17,21.71,0,527
2020-02-07 TFC 3shock TONE TEST session ,1,Chamber2,258,squad-1,25,1,5.367,0.28,26.83,50.26,0,395
2020-02-07 TFC 3shock TONE TEST session ,1,Chamber2,258,squad-1,26,2,12.6,0.66,63,12.22,0,140
2020-02-07 TFC 3shock TONE TEST session ,1,Chamber2,258,squad-1,27,2,7.133,0.37,35.67,39.49,0,417
2020-02-07 TFC 3shock TONE TEST session ,1,Chamber2,258,squad-1,28,2,3.233,0.17,16.17,75.13,0,457
2020-02-07 TFC 3shock TONE TEST session ,1,Chamber2,258,squad-1,29,0,0,0,0,167.58,0,972
2020-02-07 TFC 3shock TONE TEST session ,1,Chamber2,258,squad-1,30,2,3.333,0.17,16.67,68.62,0,949
2020-02-07 TFC 3shock TONE TEST session ,1,Chamber2,258,squad-1,31,3,9.333,0.49,46.67,17.12,0,170
2020-02-07 TFC 3shock TONE TEST session ,1,Chamber2,258,squad-1,32,3,6.1,0.32,30.5,32.25,0,408
2020-02-07 TFC 3shock TONE TEST session ,1,Chamber2,258,squad-1,33,2,5.033,0.26,25.17,47.43,0,328
2020-02-07 TFC 3shock TONE TEST session ,1,Chamber2,258,squad-1,34,2,3.367,0.18,16.83,44.72,0,507
2020-02-07 TFC 3shock TONE TEST session ,1,Chamber2,258,squad-1,35,2,3.167,0.16,15.83,66.68,0,486
2020-02-07 TFC 3shock TONE TEST session ,1,Chamber2,258,squad-1,36,2,3.467,0.18,17.33,72.42,0,460
2020-02-07 TFC 3shock TONE TEST session ,1,Chamber2,258,squad-1,Tone-3,3,8.4,0.44,42,42.58,0,248
2020-02-07 TFC 3shock TONE TEST session ,1,Chamber2,258,squad-1,Trace-3,4,18.4,0.96,92,2.73,0,161
2020-02-07 TFC 3shock TONE TEST session ,1,Chamber2,258,squad-1,37,2,14.267,0.74,71.33,7.25,0,278
2020-02-07 TFC 3shock TONE TEST session ,1,Chamber2,258,squad-1,38,3,17.167,0.89,85.83,2.6,0,87
2020-02-07 TFC 3shock TONE TEST session ,1,Chamber2,258,squad-1,39,2,12.867,0.67,64.33,21.96,0,229
2020-02-07 TFC 3shock TONE TEST session ,1,Chamber2,258,squad-1,40,4,6.267,0.33,31.33,86.78,0,621
2020-02-07 TFC 3shock TONE TEST session ,1,Chamber2,258,squad-1,41,2,4.467,0.23,22.33,78.65,0,507
2020-02-07 TFC 3shock TONE TEST session ,1,Chamber2,258,squad-1,42,5,9.733,0.51,48.67,58.04,0,498
2020-02-07 TFC 3shock TONE TEST session ,1,Chamber2,258,squad-1,43,2,2.933,0.15,14.67,159.24,0,827
2020-02-07 TFC 3shock TONE TEST session ,1,Chamber2,258,squad-1,44,2,6.433,0.34,32.17,98.06,0,791
2020-02-07 TFC 3shock TONE TEST session ,1,Chamber2,258,squad-1,45,1,1.033,0.05,5.17,141.25,0,1140
2020-02-07 TFC 3shock TONE TEST session ,1,Chamber2,258,squad-1,46,0,0,0,0,270.61,0,1585
2020-02-07 TFC 3shock TONE TEST session ,1,Chamber2,258,squad-1,47,0,0,0,0,182.64,0,922
2020-02-07 TFC 3shock TONE TEST session ,1,Chamber2,258,squad-1,48,3,5.3,0.28,26.5,158.34,0,1384
2020-02-07 TFC 3shock TONE TEST session ,1,Chamber2,258,squad-1,Tone-4,1,10.067,0.52,50.33,70.71,0,688
2020-02-07 TFC 3shock TONE TEST session ,1,Chamber2,258,squad-1,Trace-4,1,5.1,0.27,25.5,110.52,0,556
2020-02-07 TFC 3shock TONE TEST session ,1,Chamber2,258,squad-1,49,3,7.6,0.4,38,43.71,0,496
2020-02-07 TFC 3shock TONE TEST session ,1,Chamber2,258,squad-1,50,1,1.1,0.06,5.5,163.67,0,1065
2020-02-07 TFC 3shock TONE TEST session ,1,Chamber2,258,squad-1,51,0,0,0,0,120.92,0,525
2020-02-07 TFC 3shock TONE TEST session ,1,Chamber2,258,squad-1,52,1,1.267,0.07,6.33,132.02,0,738
2020-02-07 TFC 3shock TONE TEST session ,1,Chamber2,258,squad-1,53,2,14.333,0.75,71.67,14.38,0,214
2020-02-07 TFC 3shock TONE TEST session ,1,Chamber2,258,squad-1,54,2,7.1,0.37,35.5,23.84,0,207
2020-02-07 TFC 3shock TONE TEST session ,1,Chamber2,258,squad-1,55,2,2.167,0.11,10.83,58.47,0,238
2020-02-07 TFC 3shock TONE TEST session ,1,Chamber2,258,squad-1,56,0,0,0,0,82.44,0,340
2020-02-07 TFC 3shock TONE TEST session ,1,Chamber2,258,squad-1,57,1,1.033,0.05,5.17,69.53,0,320
2020-02-07 TFC 3shock TONE TEST session ,1,Chamber2,258,squad-1,58,1,1.933,0.1,9.67,78.63,0,507
2020-02-07 TFC 3shock TONE TEST session ,1,Chamber2,258,squad-1,59,1,1.7,0.09,8.5,194.85,0,1286
2020-02-07 TFC 3shock TONE TEST session ,1,Chamber2,258,squad-1,60,1,2.5,0.13,12.5,107.5,0,619
2020-02-07 TFC 3shock TONE TEST session ,1,Chamber2,258,squad-1,Tone-5,2,10.767,0.56,53.83,19.31,0,274
2020-02-07 TFC 3shock TONE TEST session ,1,Chamber2,258,squad-1,Trace-5,2,19.633,1.02,98.17,0.65,0,37
2020-02-07 TFC 3shock TONE TEST session ,1,Chamber2,258,squad-1,61,1,20,1.04,100,0.03,0,12
2020-02-07 TFC 3shock TONE TEST session ,1,Chamber2,258,squad-1,62,2,16.7,0.87,83.5,3.35,0,81
2020-02-07 TFC 3shock TONE TEST session ,1,Chamber2,258,squad-1,63,2,17.533,0.91,87.67,2.24,0,74
2020-02-07 TFC 3shock TONE TEST session ,1,Chamber2,258,squad-1,64,3,17.933,0.93,89.67,4.03,0,209
2020-02-07 TFC 3shock TONE TEST session ,1,Chamber2,258,squad-1,65,2,17.8,0.93,89,2.75,0,71
2020-02-07 TFC 3shock TONE TEST session ,1,Chamber2,258,squad-1,66,3,18.7,0.97,93.5,1.89,0,66
2020-02-07 TFC 3shock TONE TEST session ,1,Chamber2,258,squad-1,67,2,18.967,0.99,94.83,1.35,0,65
2020-02-07 TFC 3shock TONE TEST session ,1,Chamber2,258,squad-1,68,2,17.533,0.91,87.67,4.29,0,151
2020-02-07 TFC 3shock TONE TEST session ,1,Chamber2,258,squad-1,69,4,6.833,0.36,34.17,51.83,0,392
2020-02-07 TFC 3shock TONE TEST session ,1,Chamber2,258,squad-1,70,1,1.3,0.07,6.5,96.27,0,433
2020-02-07 TFC 3shock TONE TEST session ,1,Chamber2,258,squad-1,71,2,6.933,0.36,34.67,87.61,0,599
2020-02-07 TFC 3shock TONE TEST session ,1,Chamber2,258,squad-1,72,0,0,0,0,87.64,0,432
2020-02-07 TFC 3shock TONE TEST session ,1,Chamber2,258,squad-1,Tone-6,3,16.9,0.88,84.5,8.26,0,305
2020-02-07 TFC 3shock TONE TEST session ,1,Chamber2,258,squad-1,Trace-6,2,17.467,0.91,87.33,3.36,0,123
2020-02-07 TFC 3shock TONE TEST session ,1,Chamber2,258,squad-1,73,3,16.033,0.84,80.17,7.84,0,140
2020-02-07 TFC 3shock TONE TEST session ,1,Chamber2,258,squad-1,74,3,8.7,0.45,43.5,42.1,0,403
2020-02-07 TFC 3shock TONE TEST session ,1,Chamber2,258,squad-1,75,3,8.4,0.44,42,57.47,0,530
2020-02-07 TFC 3shock TONE TEST session ,1,Chamber2,258,squad-1,76,3,16.433,0.86,82.17,5.96,0,114
2020-02-07 TFC 3shock TONE TEST session ,1,Chamber2,258,squad-1,77,1,19.833,1.03,99.17,0.34,0,69
2020-02-07 TFC 3shock TONE TEST session ,1,Chamber2,258,squad-1,78,3,6.167,0.32,30.83,31.7,0,213
2020-02-07 TFC 3shock TONE TEST session ,1,Chamber2,258,squad-1,79,2,2.3,0.12,11.5,35.37,0,251
2020-02-07 TFC 3shock TONE TEST session ,1,Chamber2,258,squad-1,80,1,1.033,0.05,5.17,46.86,0,299
2020-02-07 TFC 3shock TONE TEST session ,1,Chamber2,258,squad-1,81,3,8,0.42,40,52.67,0,337
2020-02-07 TFC 3shock TONE TEST session ,1,Chamber2,258,squad-1,82,1,1.333,0.07,6.67,63.36,0,370
2020-02-07 TFC 3shock TONE TEST session ,1,Chamber2,258,squad-1,83,3,3.467,0.18,17.33,47.99,0,348
2020-02-07 TFC 3shock TONE TEST session ,1,Chamber2,258,squad-1,84,0,0,0,0,68.61,0,222
,,,,,,,,,,,,
2020-02-07 TFC 3shock TONE TEST session ,1,Chamber3,272,squad-1,1,0,0,0,0,258.8,0,1046
2020-02-07 TFC 3shock TONE TEST session ,1,Chamber3,272,squad-1,2,0,0,0,0,283.52,0,1548
2020-02-07 TFC 3shock TONE TEST session ,1,Chamber3,272,squad-1,3,1,2.667,0.14,13.33,313.48,0,1687
2020-02-07 TFC 3shock TONE TEST session ,1,Chamber3,272,squad-1,4,2,2.467,0.13,12.33,89.79,0,693
2020-02-07 TFC 3shock TONE TEST session ,1,Chamber3,272,squad-1,5,1,2.267,0.12,11.33,103.89,0,946
2020-02-07 TFC 3shock TONE TEST session ,1,Chamber3,272,squad-1,6,1,2.4,0.13,12,199.18,0,1373
2020-02-07 TFC 3shock TONE TEST session ,1,Chamber3,272,squad-1,7,1,1.5,0.08,7.5,108.38,0,998
2020-02-07 TFC 3shock TONE TEST session ,1,Chamber3,272,squad-1,8,2,4.6,0.24,23,43.82,0,375
2020-02-07 TFC 3shock TONE TEST session ,1,Chamber3,272,squad-1,9,0,0,0,0,314.64,0,1455
2020-02-07 TFC 3shock TONE TEST session ,1,Chamber3,272,squad-1,10,0,0,0,0,409.38,0,1753
2020-02-07 TFC 3shock TONE TEST session ,1,Chamber3,272,squad-1,11,2,5.1,0.27,25.5,142.93,0,1075
2020-02-07 TFC 3shock TONE TEST session ,1,Chamber3,272,squad-1,12,3,6,0.31,30,103.59,0,884
2020-02-07 TFC 3shock TONE TEST session ,1,Chamber3,272,squad-1,Tone-1,2,7.567,0.39,37.83,146.96,0,1129
2020-02-07 TFC 3shock TONE TEST session ,1,Chamber3,272,squad-1,Trace-1,1,5.133,0.27,25.67,231.2,0,1509
2020-02-07 TFC 3shock TONE TEST session ,1,Chamber3,272,squad-1,13,3,7.967,0.41,39.83,159.85,0,1080
2020-02-07 TFC 3shock TONE TEST session ,1,Chamber3,272,squad-1,14,1,1.833,0.1,9.17,257.35,0,1431
2020-02-07 TFC 3shock TONE TEST session ,1,Chamber3,272,squad-1,15,1,1.4,0.07,7,317.66,0,1589
2020-02-07 TFC 3shock TONE TEST session ,1,Chamber3,272,squad-1,16,4,10.067,0.52,50.33,150.75,0,1465
2020-02-07 TFC 3shock TONE TEST session ,1,Chamber3,272,squad-1,17,2,4.667,0.24,23.33,319.47,0,1505
2020-02-07 TFC 3shock TONE TEST session ,1,Chamber3,272,squad-1,18,2,7.733,0.4,38.67,173.69,0,1210
2020-02-07 TFC 3shock TONE TEST session ,1,Chamber3,272,squad-1,19,3,5.733,0.3,28.67,99.78,0,991
2020-02-07 TFC 3shock TONE TEST session ,1,Chamber3,272,squad-1,20,3,13.333,0.69,66.67,26.76,0,383
2020-02-07 TFC 3shock TONE TEST session ,1,Chamber3,272,squad-1,21,3,8.5,0.44,42.5,41.84,0,661
2020-02-07 TFC 3shock TONE TEST session ,1,Chamber3,272,squad-1,22,2,2.9,0.15,14.5,249.88,0,1310
2020-02-07 TFC 3shock TONE TEST session ,1,Chamber3,272,squad-1,23,2,5.833,0.3,29.17,220.43,0,1262
2020-02-07 TFC 3shock TONE TEST session ,1,Chamber3,272,squad-1,24,3,9.467,0.49,47.33,93.53,0,682
2020-02-07 TFC 3shock TONE TEST session ,1,Chamber3,272,squad-1,Tone-2,5,12.8,0.67,64,33.47,0,503
2020-02-07 TFC 3shock TONE TEST session ,1,Chamber3,272,squad-1,Trace-2,3,16.967,0.88,84.83,14.61,0,447
2020-02-07 TFC 3shock TONE TEST session ,1,Chamber3,272,squad-1,25,0,0,0,0,348.21,0,1661
2020-02-07 TFC 3shock TONE TEST session ,1,Chamber3,272,squad-1,26,1,3.5,0.18,17.5,125.16,0,1001
2020-02-07 TFC 3shock TONE TEST session ,1,Chamber3,272,squad-1,27,4,8.933,0.47,44.67,96.79,0,867
2020-02-07 TFC 3shock TONE TEST session ,1,Chamber3,272,squad-1,28,2,4.6,0.24,23,147.44,0,982
2020-02-07 TFC 3shock TONE TEST session ,1,Chamber3,272,squad-1,29,4,6,0.31,30,245.19,0,1578
2020-02-07 TFC 3shock TONE TEST session ,1,Chamber3,272,squad-1,30,3,13.833,0.72,69.17,44.9,0,843
2020-02-07 TFC 3shock TONE TEST session ,1,Chamber3,272,squad-1,31,2,9.933,0.52,49.67,57.7,0,454
2020-02-07 TFC 3shock TONE TEST session ,1,Chamber3,272,squad-1,32,2,6.6,0.34,33,71.13,0,543
2020-02-07 TFC 3shock TONE TEST session ,1,Chamber3,272,squad-1,33,2,3.4,0.18,17,272.74,0,1170
2020-02-07 TFC 3shock TONE TEST session ,1,Chamber3,272,squad-1,34,4,8.167,0.43,40.83,98.47,0,951
2020-02-07 TFC 3shock TONE TEST session ,1,Chamber3,272,squad-1,35,4,16.2,0.84,81,14.44,0,376
2020-02-07 TFC 3shock TONE TEST session ,1,Chamber3,272,squad-1,36,2,4.933,0.26,24.67,78.98,0,800
2020-02-07 TFC 3shock TONE TEST session ,1,Chamber3,272,squad-1,Tone-3,3,9.4,0.49,47,31.6,0,416
2020-02-07 TFC 3shock TONE TEST session ,1,Chamber3,272,squad-1,Trace-3,3,14.933,0.78,74.67,31.79,0,423
2020-02-07 TFC 3shock TONE TEST session ,1,Chamber3,272,squad-1,37,3,11.2,0.58,56,39.13,0,470
2020-02-07 TFC 3shock TONE TEST session ,1,Chamber3,272,squad-1,38,3,14.533,0.76,72.67,19,0,334
2020-02-07 TFC 3shock TONE TEST session ,1,Chamber3,272,squad-1,39,2,13.433,0.7,67.17,69.38,0,827
2020-02-07 TFC 3shock TONE TEST session ,1,Chamber3,272,squad-1,40,4,9.667,0.5,48.33,16.15,0,206
2020-02-07 TFC 3shock TONE TEST session ,1,Chamber3,272,squad-1,41,4,12.233,0.64,61.17,60.61,0,821
2020-02-07 TFC 3shock TONE TEST session ,1,Chamber3,272,squad-1,42,2,7.1,0.37,35.5,47.14,0,303
2020-02-07 TFC 3shock TONE TEST session ,1,Chamber3,272,squad-1,43,2,7.467,0.39,37.33,66.05,0,585
2020-02-07 TFC 3shock TONE TEST session ,1,Chamber3,272,squad-1,44,3,8.633,0.45,43.17,43.44,0,566
2020-02-07 TFC 3shock TONE TEST session ,1,Chamber3,272,squad-1,45,2,3.6,0.19,18,132.75,0,1162
2020-02-07 TFC 3shock TONE TEST session ,1,Chamber3,272,squad-1,46,1,5.4,0.28,27,117.82,0,1032
2020-02-07 TFC 3shock TONE TEST session ,1,Chamber3,272,squad-1,47,2,10.867,0.57,54.33,47.51,0,561
2020-02-07 TFC 3shock TONE TEST session ,1,Chamber3,272,squad-1,48,2,5.4,0.28,27,283.14,0,1963
2020-02-07 TFC 3shock TONE TEST session ,1,Chamber3,272,squad-1,Tone-4,4,7.1,0.37,35.5,71.84,0,1359
2020-02-07 TFC 3shock TONE TEST session ,1,Chamber3,272,squad-1,Trace-4,2,14.6,0.76,73,13.79,0,219
2020-02-07 TFC 3shock TONE TEST session ,1,Chamber3,272,squad-1,49,1,13.3,0.69,66.5,34.12,0,479
2020-02-07 TFC 3shock TONE TEST session ,1,Chamber3,272,squad-1,50,0,0,0,0,326.37,0,1695
2020-02-07 TFC 3shock TONE TEST session ,1,Chamber3,272,squad-1,51,1,3.9,0.2,19.5,207.25,0,1316
2020-02-07 TFC 3shock TONE TEST session ,1,Chamber3,272,squad-1,52,1,4.467,0.23,22.33,269.47,0,1620
2020-02-07 TFC 3shock TONE TEST session ,1,Chamber3,272,squad-1,53,4,8.267,0.43,41.33,46.81,0,454
2020-02-07 TFC 3shock TONE TEST session ,1,Chamber3,272,squad-1,54,2,8.167,0.43,40.83,190.43,0,1327
2020-02-07 TFC 3shock TONE TEST session ,1,Chamber3,272,squad-1,55,1,2.233,0.12,11.17,192.14,0,1502
2020-02-07 TFC 3shock TONE TEST session ,1,Chamber3,272,squad-1,56,3,5.4,0.28,27,123,0,948
2020-02-07 TFC 3shock TONE TEST session ,1,Chamber3,272,squad-1,57,4,15.367,0.8,76.83,17.55,0,310
2020-02-07 TFC 3shock TONE TEST session ,1,Chamber3,272,squad-1,58,1,1.067,0.06,5.33,134.69,0,625
2020-02-07 TFC 3shock TONE TEST session ,1,Chamber3,272,squad-1,59,6,13.2,0.69,66,23.03,0,420
2020-02-07 TFC 3shock TONE TEST session ,1,Chamber3,272,squad-1,60,4,7.833,0.41,39.17,63.08,0,624
2020-02-07 TFC 3shock TONE TEST session ,1,Chamber3,272,squad-1,Tone-5,2,19.7,1.03,98.5,1.55,0,164
2020-02-07 TFC 3shock TONE TEST session ,1,Chamber3,272,squad-1,Trace-5,4,13.633,0.71,68.17,16.45,0,642
2020-02-07 TFC 3shock TONE TEST session ,1,Chamber3,272,squad-1,61,3,15.9,0.83,79.5,15.24,0,615
2020-02-07 TFC 3shock TONE TEST session ,1,Chamber3,272,squad-1,62,2,3.567,0.19,17.83,147.78,0,990
2020-02-07 TFC 3shock TONE TEST session ,1,Chamber3,272,squad-1,63,1,20,1.04,100,0.02,0,8
2020-02-07 TFC 3shock TONE TEST session ,1,Chamber3,272,squad-1,64,5,5.867,0.31,29.33,29.21,0,509
2020-02-07 TFC 3shock TONE TEST session ,1,Chamber3,272,squad-1,65,4,6.5,0.34,32.5,39.84,0,319
2020-02-07 TFC 3shock TONE TEST session ,1,Chamber3,272,squad-1,66,1,1.067,0.06,5.33,93.2,0,394
2020-02-07 TFC 3shock TONE TEST session ,1,Chamber3,272,squad-1,67,2,5.733,0.3,28.67,65.17,0,671
2020-02-07 TFC 3shock TONE TEST session ,1,Chamber3,272,squad-1,68,2,8.667,0.45,43.33,49.3,0,578
2020-02-07 TFC 3shock TONE TEST session ,1,Chamber3,272,squad-1,69,2,4.6,0.24,23,130.12,0,852
2020-02-07 TFC 3shock TONE TEST session ,1,Chamber3,272,squad-1,70,1,4.6,0.24,23,91.87,0,1174
2020-02-07 TFC 3shock TONE TEST session ,1,Chamber3,272,squad-1,71,2,2.4,0.13,12,129.7,0,1056
2020-02-07 TFC 3shock TONE TEST session ,1,Chamber3,272,squad-1,72,2,5.633,0.29,28.17,145.51,0,1261
2020-02-07 TFC 3shock TONE TEST session ,1,Chamber3,272,squad-1,Tone-6,4,11.733,0.61,58.67,23.52,0,350
2020-02-07 TFC 3shock TONE TEST session ,1,Chamber3,272,squad-1,Trace-6,1,8.2,0.43,41,77.02,0,811
2020-02-07 TFC 3shock TONE TEST session ,1,Chamber3,272,squad-1,73,2,3.433,0.18,17.17,89.84,0,951
2020-02-07 TFC 3shock TONE TEST session ,1,Chamber3,272,squad-1,74,1,1.933,0.1,9.67,67.63,0,328
2020-02-07 TFC 3shock TONE TEST session ,1,Chamber3,272,squad-1,75,2,9.667,0.5,48.33,38.59,0,423
2020-02-07 TFC 3shock TONE TEST session ,1,Chamber3,272,squad-1,76,2,3.567,0.19,17.83,103.83,0,623
2020-02-07 TFC 3shock TONE TEST session ,1,Chamber3,272,squad-1,77,0,0,0,0,274.28,0,1303
2020-02-07 TFC 3shock TONE TEST session ,1,Chamber3,272,squad-1,78,1,1.8,0.09,9,302.65,0,1333
2020-02-07 TFC 3shock TONE TEST session ,1,Chamber3,272,squad-1,79,2,4.8,0.25,24,134.66,0,1202
2020-02-07 TFC 3shock TONE TEST session ,1,Chamber3,272,squad-1,80,1,10.567,0.55,52.83,28.35,0,523
2020-02-07 TFC 3shock TONE TEST session ,1,Chamber3,272,squad-1,81,1,2,0.1,10,44.72,0,373
2020-02-07 TFC 3shock TONE TEST session ,1,Chamber3,272,squad-1,82,1,1.8,0.09,9,75.28,0,327
2020-02-07 TFC 3shock TONE TEST session ,1,Chamber3,272,squad-1,83,1,1.667,0.09,8.33,92.15,0,312
2020-02-07 TFC 3shock TONE TEST session ,1,Chamber3,272,squad-1,84,2,6.233,0.32,31.17,71.94,0,711
,,,,,,,,,,,,
2020-02-07 TFC 3shock TONE TEST session ,1,Chamber4,273,squad-1,1,0,0,0,0,341.22,0,1754
2020-02-07 TFC 3shock TONE TEST session ,1,Chamber4,273,squad-1,2,0,0,0,0,325.5,0,1332
2020-02-07 TFC 3shock TONE TEST session ,1,Chamber4,273,squad-1,3,3,4.633,0.24,23.17,72.62,0,528
2020-02-07 TFC 3shock TONE TEST session ,1,Chamber4,273,squad-1,4,2,4.5,0.23,22.5,259.12,0,1304
2020-02-07 TFC 3shock TONE TEST session ,1,Chamber4,273,squad-1,5,5,6.233,0.32,31.17,84.05,0,1310
2020-02-07 TFC 3shock TONE TEST session ,1,Chamber4,273,squad-1,6,5,6.8,0.35,34,13.9,0,143
2020-02-07 TFC 3shock TONE TEST session ,1,Chamber4,273,squad-1,7,1,1.267,0.07,6.33,148.82,0,810
2020-02-07 TFC 3shock TONE TEST session ,1,Chamber4,273,squad-1,8,2,3.2,0.17,16,27.06,0,356
2020-02-07 TFC 3shock TONE TEST session ,1,Chamber4,273,squad-1,9,1,3.533,0.18,17.67,147.47,0,1027
2020-02-07 TFC 3shock TONE TEST session ,1,Chamber4,273,squad-1,10,1,1.433,0.07,7.17,192.13,0,1195
2020-02-07 TFC 3shock TONE TEST session ,1,Chamber4,273,squad-1,11,1,1.6,0.08,8,154.36,0,1411
2020-02-07 TFC 3shock TONE TEST session ,1,Chamber4,273,squad-1,12,0,0,0,0,83.64,0,676
2020-02-07 TFC 3shock TONE TEST session ,1,Chamber4,273,squad-1,Tone-1,6,14.5,0.76,72.5,12.46,0,291
2020-02-07 TFC 3shock TONE TEST session ,1,Chamber4,273,squad-1,Trace-1,3,11.5,0.6,57.5,62.77,0,909
2020-02-07 TFC 3shock TONE TEST session ,1,Chamber4,273,squad-1,13,3,5.733,0.3,28.67,46.1,0,908
2020-02-07 TFC 3shock TONE TEST session ,1,Chamber4,273,squad-1,14,4,9,0.47,45,43.16,0,825
2020-02-07 TFC 3shock TONE TEST session ,1,Chamber4,273,squad-1,15,4,6.4,0.33,32,35.7,0,432
2020-02-07 TFC 3shock TONE TEST session ,1,Chamber4,273,squad-1,16,3,9.767,0.51,48.83,63.74,0,834
2020-02-07 TFC 3shock TONE TEST session ,1,Chamber4,273,squad-1,17,2,4.4,0.23,22,96.66,0,878
2020-02-07 TFC 3shock TONE TEST session ,1,Chamber4,273,squad-1,18,2,2.133,0.11,10.67,328.18,0,1635
2020-02-07 TFC 3shock TONE TEST session ,1,Chamber4,273,squad-1,19,1,1.067,0.06,5.33,234.58,0,1197
2020-02-07 TFC 3shock TONE TEST session ,1,Chamber4,273,squad-1,20,0,0,0,0,180.9,0,1159
2020-02-07 TFC 3shock TONE TEST session ,1,Chamber4,273,squad-1,21,1,1.6,0.08,8,221.75,0,1649
2020-02-07 TFC 3shock TONE TEST session ,1,Chamber4,273,squad-1,22,4,7.7,0.4,38.5,43.52,0,698
2020-02-07 TFC 3shock TONE TEST session ,1,Chamber4,273,squad-1,23,3,4.8,0.25,24,70.03,0,612
2020-02-07 TFC 3shock TONE TEST session ,1,Chamber4,273,squad-1,24,2,4.7,0.24,23.5,137.17,0,1029
2020-02-07 TFC 3shock TONE TEST session ,1,Chamber4,273,squad-1,Tone-2,2,12.867,0.67,64.33,19.18,0,487
2020-02-07 TFC 3shock TONE TEST session ,1,Chamber4,273,squad-1,Trace-2,3,12.5,0.65,62.5,14.72,0,232
2020-02-07 TFC 3shock TONE TEST session ,1,Chamber4,273,squad-1,25,4,8.6,0.45,43,30.98,0,324
2020-02-07 TFC 3shock TONE TEST session ,1,Chamber4,273,squad-1,26,4,12.867,0.67,64.33,73.73,0,841
2020-02-07 TFC 3shock TONE TEST session ,1,Chamber4,273,squad-1,27,3,13.133,0.68,65.67,32.67,0,531
2020-02-07 TFC 3shock TONE TEST session ,1,Chamber4,273,squad-1,28,1,1.467,0.08,7.33,131.52,0,913
2020-02-07 TFC 3shock TONE TEST session ,1,Chamber4,273,squad-1,29,2,4.233,0.22,21.17,123.17,0,828
2020-02-07 TFC 3shock TONE TEST session ,1,Chamber4,273,squad-1,30,4,8.133,0.42,40.67,57,0,691
2020-02-07 TFC 3shock TONE TEST session ,1,Chamber4,273,squad-1,31,2,10.133,0.53,50.67,60.93,0,1238
2020-02-07 TFC 3shock TONE TEST session ,1,Chamber4,273,squad-1,32,3,6.3,0.33,31.5,85.14,0,566
2020-02-07 TFC 3shock TONE TEST session ,1,Chamber4,273,squad-1,33,2,3.267,0.17,16.33,88.23,0,995
2020-02-07 TFC 3shock TONE TEST session ,1,Chamber4,273,squad-1,34,1,1.433,0.07,7.17,135.06,0,972
2020-02-07 TFC 3shock TONE TEST session ,1,Chamber4,273,squad-1,35,0,0,0,0,101.92,0,626
2020-02-07 TFC 3shock TONE TEST session ,1,Chamber4,273,squad-1,36,2,2.6,0.14,13,98.82,0,777
2020-02-07 TFC 3shock TONE TEST session ,1,Chamber4,273,squad-1,Tone-3,3,16.5,0.86,82.5,8.22,0,243
2020-02-07 TFC 3shock TONE TEST session ,1,Chamber4,273,squad-1,Trace-3,4,13.667,0.71,68.33,11.21,0,218
2020-02-07 TFC 3shock TONE TEST session ,1,Chamber4,273,squad-1,37,3,9.033,0.47,45.17,29.49,0,522
2020-02-07 TFC 3shock TONE TEST session ,1,Chamber4,273,squad-1,38,3,5.3,0.28,26.5,73.45,0,556
2020-02-07 TFC 3shock TONE TEST session ,1,Chamber4,273,squad-1,39,2,2.733,0.14,13.67,115.19,0,749
2020-02-07 TFC 3shock TONE TEST session ,1,Chamber4,273,squad-1,40,3,3.367,0.18,16.83,158.91,0,1249
2020-02-07 TFC 3shock TONE TEST session ,1,Chamber4,273,squad-1,41,4,8.733,0.45,43.67,42.84,0,685
2020-02-07 TFC 3shock TONE TEST session ,1,Chamber4,273,squad-1,42,6,14.933,0.78,74.67,9.74,0,210
2020-02-07 TFC 3shock TONE TEST session ,1,Chamber4,273,squad-1,43,6,12.567,0.65,62.83,14.81,0,199
2020-02-07 TFC 3shock TONE TEST session ,1,Chamber4,273,squad-1,44,4,9.667,0.5,48.33,31.25,0,510
2020-02-07 TFC 3shock TONE TEST session ,1,Chamber4,273,squad-1,45,6,11.7,0.61,58.5,9.11,0,128
2020-02-07 TFC 3shock TONE TEST session ,1,Chamber4,273,squad-1,46,3,6,0.31,30,36.62,0,224
2020-02-07 TFC 3shock TONE TEST session ,1,Chamber4,273,squad-1,47,1,1.667,0.09,8.33,82.78,0,357
2020-02-07 TFC 3shock TONE TEST session ,1,Chamber4,273,squad-1,48,1,1.067,0.06,5.33,70.94,0,266
2020-02-07 TFC 3shock TONE TEST session ,1,Chamber4,273,squad-1,Tone-4,5,10.7,0.56,53.5,10.77,0,133
2020-02-07 TFC 3shock TONE TEST session ,1,Chamber4,273,squad-1,Trace-4,3,4.1,0.21,20.5,51.93,0,760
2020-02-07 TFC 3shock TONE TEST session ,1,Chamber4,273,squad-1,49,3,7.2,0.38,36,102.84,0,1189
2020-02-07 TFC 3shock TONE TEST session ,1,Chamber4,273,squad-1,50,4,12.533,0.65,62.67,16.07,0,252
2020-02-07 TFC 3shock TONE TEST session ,1,Chamber4,273,squad-1,51,3,7.033,0.37,35.17,47.07,0,566
2020-02-07 TFC 3shock TONE TEST session ,1,Chamber4,273,squad-1,52,5,9.5,0.49,47.5,23.17,0,193
2020-02-07 TFC 3shock TONE TEST session ,1,Chamber4,273,squad-1,53,0,0,0,0,37.42,0,589
2020-02-07 TFC 3shock TONE TEST session ,1,Chamber4,273,squad-1,54,2,4.333,0.23,21.67,32.71,0,255
2020-02-07 TFC 3shock TONE TEST session ,1,Chamber4,273,squad-1,55,1,1.1,0.06,5.5,61.77,0,316
2020-02-07 TFC 3shock TONE TEST session ,1,Chamber4,273,squad-1,56,1,1.2,0.06,6,61.56,0,438
2020-02-07 TFC 3shock TONE TEST session ,1,Chamber4,273,squad-1,57,2,3.633,0.19,18.17,85.5,0,1090
2020-02-07 TFC 3shock TONE TEST session ,1,Chamber4,273,squad-1,58,6,15.633,0.81,78.17,3.71,0,74
2020-02-07 TFC 3shock TONE TEST session ,1,Chamber4,273,squad-1,59,3,3.7,0.19,18.5,57.29,0,415
2020-02-07 TFC 3shock TONE TEST session ,1,Chamber4,273,squad-1,60,0,0,0,0,154.8,0,904
2020-02-07 TFC 3shock TONE TEST session ,1,Chamber4,273,squad-1,Tone-5,3,5.467,0.28,27.33,94.41,0,2006
2020-02-07 TFC 3shock TONE TEST session ,1,Chamber4,273,squad-1,Trace-5,8,15.2,0.79,76,5.33,0,94
2020-02-07 TFC 3shock TONE TEST session ,1,Chamber4,273,squad-1,61,5,15,0.78,75,8.16,0,135
2020-02-07 TFC 3shock TONE TEST session ,1,Chamber4,273,squad-1,62,4,14.6,0.76,73,6.29,0,119
2020-02-07 TFC 3shock TONE TEST session ,1,Chamber4,273,squad-1,63,3,13.833,0.72,69.17,17.09,0,331
2020-02-07 TFC 3shock TONE TEST session ,1,Chamber4,273,squad-1,64,2,5.167,0.27,25.83,43.09,0,368
2020-02-07 TFC 3shock TONE TEST session ,1,Chamber4,273,squad-1,65,1,1.1,0.06,5.5,122.47,0,717
2020-02-07 TFC 3shock TONE TEST session ,1,Chamber4,273,squad-1,66,2,5.667,0.3,28.33,50.98,0,743
2020-02-07 TFC 3shock TONE TEST session ,1,Chamber4,273,squad-1,67,3,6.733,0.35,33.67,58.34,0,736
2020-02-07 TFC 3shock TONE TEST session ,1,Chamber4,273,squad-1,68,5,12.667,0.66,63.33,6.87,0,117
2020-02-07 TFC 3shock TONE TEST session ,1,Chamber4,273,squad-1,69,5,11.9,0.62,59.5,39.28,0,499
2020-02-07 TFC 3shock TONE TEST session ,1,Chamber4,273,squad-1,70,1,1.3,0.07,6.5,99.34,0,894
2020-02-07 TFC 3shock TONE TEST session ,1,Chamber4,273,squad-1,71,4,8.467,0.44,42.33,37.55,0,642
2020-02-07 TFC 3shock TONE TEST session ,1,Chamber4,273,squad-1,72,1,2.333,0.12,11.67,31.23,0,182
2020-02-07 TFC 3shock TONE TEST session ,1,Chamber4,273,squad-1,Tone-6,5,18.267,0.95,91.33,1.86,0,81
2020-02-07 TFC 3shock TONE TEST session ,1,Chamber4,273,squad-1,Trace-6,2,2.8,0.15,14,28.61,0,174
2020-02-07 TFC 3shock TONE TEST session ,1,Chamber4,273,squad-1,73,0,0,0,0,83.79,0,498
2020-02-07 TFC 3shock TONE TEST session ,1,Chamber4,273,squad-1,74,2,4.067,0.21,20.33,64.5,0,582
2020-02-07 TFC 3shock TONE TEST session ,1,Chamber4,273,squad-1,75,2,14.267,0.74,71.33,20.69,0,604
2020-02-07 TFC 3shock TONE TEST session ,1,Chamber4,273,squad-1,76,3,14.167,0.74,70.83,7.66,0,180
2020-02-07 TFC 3shock TONE TEST session ,1,Chamber4,273,squad-1,77,1,3.367,0.18,16.83,27.96,0,203
2020-02-07 TFC 3shock TONE TEST session ,1,Chamber4,273,squad-1,78,1,1.567,0.08,7.83,22.47,0,147
2020-02-07 TFC 3shock TONE TEST session ,1,Chamber4,273,squad-1,79,0,0,0,0,71.82,0,438
2020-02-07 TFC 3shock TONE TEST session ,1,Chamber4,273,squad-1,80,1,3.167,0.16,15.83,66.05,0,516
2020-02-07 TFC 3shock TONE TEST session ,1,Chamber4,273,squad-1,81,2,4.633,0.24,23.17,32.19,0,434
2020-02-07 TFC 3shock TONE TEST session ,1,Chamber4,273,squad-1,82,5,13.3,0.69,66.5,15.39,0,399
2020-02-07 TFC 3shock TONE TEST session ,1,Chamber4,273,squad-1,83,2,16.8,0.88,84,4.18,0,117
2020-02-07 TFC 3shock TONE TEST session ,1,Chamber4,273,squad-1,84,4,15.267,0.8,76.33,8.73,0,231
,,,,,,,,,,,,
2020-02-07 TFC 3shock TONE TEST session ,2,Chamber1,277,squad-1,1,4,8.533,0.44,42.67,21.04,0,234
2020-02-07 TFC 3shock TONE TEST session ,2,Chamber1,277,squad-1,2,3,16.667,0.87,83.33,5.8,0,147
2020-02-07 TFC 3shock TONE TEST session ,2,Chamber1,277,squad-1,3,1,5.433,0.28,27.17,38.78,0,376
2020-02-07 TFC 3shock TONE TEST session ,2,Chamber1,277,squad-1,4,5,11.9,0.62,59.5,18.07,0,301
2020-02-07 TFC 3shock TONE TEST session ,2,Chamber1,277,squad-1,5,5,9.5,0.49,47.5,32.83,0,370
2020-02-07 TFC 3shock TONE TEST session ,2,Chamber1,277,squad-1,6,1,2.067,0.11,10.33,255.17,0,1122
2020-02-07 TFC 3shock TONE TEST session ,2,Chamber1,277,squad-1,7,1,1.6,0.08,8,142.23,0,733
2020-02-07 TFC 3shock TONE TEST session ,2,Chamber1,277,squad-1,8,4,7.233,0.38,36.17,19.62,0,309
2020-02-07 TFC 3shock TONE TEST session ,2,Chamber1,277,squad-1,9,2,2.833,0.15,14.17,78.14,0,575
2020-02-07 TFC 3shock TONE TEST session ,2,Chamber1,277,squad-1,10,7,14.233,0.74,71.17,15.45,0,834
2020-02-07 TFC 3shock TONE TEST session ,2,Chamber1,277,squad-1,11,2,8.133,0.42,40.67,96.01,0,6258
2020-02-07 TFC 3shock TONE TEST session ,2,Chamber1,277,squad-1,12,3,12.967,0.68,64.83,18.38,0,373
2020-02-07 TFC 3shock TONE TEST session ,2,Chamber1,277,squad-1,Tone-1,2,15.833,0.82,79.17,7.12,0,227
2020-02-07 TFC 3shock TONE TEST session ,2,Chamber1,277,squad-1,Trace-1,3,14.6,0.76,73,13.15,0,242
2020-02-07 TFC 3shock TONE TEST session ,2,Chamber1,277,squad-1,13,3,17.167,0.89,85.83,5.65,0,294
2020-02-07 TFC 3shock TONE TEST session ,2,Chamber1,277,squad-1,14,2,14.667,0.76,73.33,22.04,0,240
2020-02-07 TFC 3shock TONE TEST session ,2,Chamber1,277,squad-1,15,2,12.6,0.66,63,24.33,0,298
2020-02-07 TFC 3shock TONE TEST session ,2,Chamber1,277,squad-1,16,3,13.467,0.7,67.33,19.56,0,207
2020-02-07 TFC 3shock TONE TEST session ,2,Chamber1,277,squad-1,17,3,15.133,0.79,75.67,13.46,0,342
2020-02-07 TFC 3shock TONE TEST session ,2,Chamber1,277,squad-1,18,2,18.067,0.94,90.33,2.81,0,117
2020-02-07 TFC 3shock TONE TEST session ,2,Chamber1,277,squad-1,19,3,14.567,0.76,72.83,16.66,0,238
2020-02-07 TFC 3shock TONE TEST session ,2,Chamber1,277,squad-1,20,3,14.133,0.74,70.67,20.77,0,271
2020-02-07 TFC 3shock TONE TEST session ,2,Chamber1,277,squad-1,21,2,18.633,0.97,93.17,6,0,384
2020-02-07 TFC 3shock TONE TEST session ,2,Chamber1,277,squad-1,22,2,8.8,0.46,44,80.97,0,837
2020-02-07 TFC 3shock TONE TEST session ,2,Chamber1,277,squad-1,23,2,6.6,0.34,33,167.82,0,1228
2020-02-07 TFC 3shock TONE TEST session ,2,Chamber1,277,squad-1,24,2,7.7,0.4,38.5,88.89,0,672
2020-02-07 TFC 3shock TONE TEST session ,2,Chamber1,277,squad-1,Tone-2,2,17.633,0.92,88.17,10.37,0,306
2020-02-07 TFC 3shock TONE TEST session ,2,Chamber1,277,squad-1,Trace-2,3,6.4,0.33,32,46.45,0,502
2020-02-07 TFC 3shock TONE TEST session ,2,Chamber1,277,squad-1,25,1,7.9,0.41,39.5,80.96,0,631
2020-02-07 TFC 3shock TONE TEST session ,2,Chamber1,277,squad-1,26,3,8.3,0.43,41.5,55.26,0,748
2020-02-07 TFC 3shock TONE TEST session ,2,Chamber1,277,squad-1,27,1,6.167,0.32,30.83,33.48,0,257
2020-02-07 TFC 3shock TONE TEST session ,2,Chamber1,277,squad-1,28,3,11.833,0.62,59.17,17.15,0,247
2020-02-07 TFC 3shock TONE TEST session ,2,Chamber1,277,squad-1,29,1,1.333,0.07,6.67,325.36,0,1700
2020-02-07 TFC 3shock TONE TEST session ,2,Chamber1,277,squad-1,30,3,6.633,0.35,33.17,135.36,0,1143
2020-02-07 TFC 3shock TONE TEST session ,2,Chamber1,277,squad-1,31,2,4.333,0.23,21.67,75.26,0,512
2020-02-07 TFC 3shock TONE TEST session ,2,Chamber1,277,squad-1,32,1,1.067,0.06,5.33,234.73,0,2666
2020-02-07 TFC 3shock TONE TEST session ,2,Chamber1,277,squad-1,33,0,0,0,0,152.28,0,1141
2020-02-07 TFC 3shock TONE TEST session ,2,Chamber1,277,squad-1,34,3,6.033,0.31,30.17,160.44,0,1291
2020-02-07 TFC 3shock TONE TEST session ,2,Chamber1,277,squad-1,35,1,6.833,0.36,34.17,103.57,0,939
2020-02-07 TFC 3shock TONE TEST session ,2,Chamber1,277,squad-1,36,2,3.333,0.17,16.67,78.6,0,482
2020-02-07 TFC 3shock TONE TEST session ,2,Chamber1,277,squad-1,Tone-3,3,15.4,0.8,77,8.97,0,220
2020-02-07 TFC 3shock TONE TEST session ,2,Chamber1,277,squad-1,Trace-3,3,15.4,0.8,77,9.14,0,182
2020-02-07 TFC 3shock TONE TEST session ,2,Chamber1,277,squad-1,37,4,11.633,0.61,58.17,24.53,0,344
2020-02-07 TFC 3shock TONE TEST session ,2,Chamber1,277,squad-1,38,2,3.867,0.2,19.33,81.09,0,437
2020-02-07 TFC 3shock TONE TEST session ,2,Chamber1,277,squad-1,39,1,1.533,0.08,7.67,73.87,0,471
2020-02-07 TFC 3shock TONE TEST session ,2,Chamber1,277,squad-1,40,2,4.033,0.21,20.17,77.3,0,460
2020-02-07 TFC 3shock TONE TEST session ,2,Chamber1,277,squad-1,41,3,15.067,0.78,75.33,13.11,0,259
2020-02-07 TFC 3shock TONE TEST session ,2,Chamber1,277,squad-1,42,3,11.367,0.59,56.83,16.31,0,214
2020-02-07 TFC 3shock TONE TEST session ,2,Chamber1,277,squad-1,43,4,11.767,0.61,58.83,29.85,0,329
2020-02-07 TFC 3shock TONE TEST session ,2,Chamber1,277,squad-1,44,7,14.933,0.78,74.67,9.47,0,174
2020-02-07 TFC 3shock TONE TEST session ,2,Chamber1,277,squad-1,45,4,16.2,0.84,81,5.43,0,195
2020-02-07 TFC 3shock TONE TEST session ,2,Chamber1,277,squad-1,46,2,18.167,0.95,90.83,4.38,0,212
2020-02-07 TFC 3shock TONE TEST session ,2,Chamber1,277,squad-1,47,2,10.2,0.53,51,38.43,0,643
2020-02-07 TFC 3shock TONE TEST session ,2,Chamber1,277,squad-1,48,2,3.967,0.21,19.83,88.42,0,580
2020-02-07 TFC 3shock TONE TEST session ,2,Chamber1,277,squad-1,Tone-4,1,20,1.04,100,0,0,0
2020-02-07 TFC 3shock TONE TEST session ,2,Chamber1,277,squad-1,Trace-4,3,16.9,0.88,84.5,4.97,0,161
2020-02-07 TFC 3shock TONE TEST session ,2,Chamber1,277,squad-1,49,2,15.8,0.82,79,9.9,0,250
2020-02-07 TFC 3shock TONE TEST session ,2,Chamber1,277,squad-1,50,4,16.367,0.85,81.83,5.01,0,114
2020-02-07 TFC 3shock TONE TEST session ,2,Chamber1,277,squad-1,51,2,13.7,0.71,68.5,12.48,0,273
2020-02-07 TFC 3shock TONE TEST session ,2,Chamber1,277,squad-1,52,2,8.667,0.45,43.33,51.95,0,391
2020-02-07 TFC 3shock TONE TEST session ,2,Chamber1,277,squad-1,53,1,3.2,0.17,16,124.76,0,728
2020-02-07 TFC 3shock TONE TEST session ,2,Chamber1,277,squad-1,54,5,15.833,0.82,79.17,14.5,0,224
2020-02-07 TFC 3shock TONE TEST session ,2,Chamber1,277,squad-1,55,3,12,0.63,60,22.32,0,294
2020-02-07 TFC 3shock TONE TEST session ,2,Chamber1,277,squad-1,56,3,14.5,0.76,72.5,16.05,0,248
2020-02-07 TFC 3shock TONE TEST session ,2,Chamber1,277,squad-1,57,3,11.233,0.59,56.17,21.57,0,280
2020-02-07 TFC 3shock TONE TEST session ,2,Chamber1,277,squad-1,58,4,17.3,0.9,86.5,3.37,0,118
2020-02-07 TFC 3shock TONE TEST session ,2,Chamber1,277,squad-1,59,4,17.833,0.93,89.17,3.04,0,121
2020-02-07 TFC 3shock TONE TEST session ,2,Chamber1,277,squad-1,60,2,19.1,0.99,95.5,0.97,0,98
2020-02-07 TFC 3shock TONE TEST session ,2,Chamber1,277,squad-1,Tone-5,2,19.667,1.02,98.33,0.97,0,99
2020-02-07 TFC 3shock TONE TEST session ,2,Chamber1,277,squad-1,Trace-5,3,6.9,0.36,34.5,17.52,0,189
2020-02-07 TFC 3shock TONE TEST session ,2,Chamber1,277,squad-1,61,2,15.7,0.82,78.5,9.6,0,155
2020-02-07 TFC 3shock TONE TEST session ,2,Chamber1,277,squad-1,62,1,14.967,0.78,74.83,8.18,0,166
2020-02-07 TFC 3shock TONE TEST session ,2,Chamber1,277,squad-1,63,3,5,0.26,25,43.65,0,355
2020-02-07 TFC 3shock TONE TEST session ,2,Chamber1,277,squad-1,64,2,11.167,0.58,55.83,22.59,0,233
2020-02-07 TFC 3shock TONE TEST session ,2,Chamber1,277,squad-1,65,0,0,0,0,138.09,0,857
2020-02-07 TFC 3shock TONE TEST session ,2,Chamber1,277,squad-1,66,1,5.1,0.27,25.5,109.86,0,655
2020-02-07 TFC 3shock TONE TEST session ,2,Chamber1,277,squad-1,67,4,11.233,0.59,56.17,26.99,0,280
2020-02-07 TFC 3shock TONE TEST session ,2,Chamber1,277,squad-1,68,2,2.5,0.13,12.5,46.72,0,323
2020-02-07 TFC 3shock TONE TEST session ,2,Chamber1,277,squad-1,69,0,0,0,0,73.59,0,425
2020-02-07 TFC 3shock TONE TEST session ,2,Chamber1,277,squad-1,70,0,0,0,0,78.54,0,248
2020-02-07 TFC 3shock TONE TEST session ,2,Chamber1,277,squad-1,71,0,0,0,0,80.46,0,336
2020-02-07 TFC 3shock TONE TEST session ,2,Chamber1,277,squad-1,72,0,0,0,0,65.95,0,237
2020-02-07 TFC 3shock TONE TEST session ,2,Chamber1,277,squad-1,Tone-6,4,18.067,0.94,90.33,8.54,0,432
2020-02-07 TFC 3shock TONE TEST session ,2,Chamber1,277,squad-1,Trace-6,2,17.033,0.89,85.17,2.16,0,100
2020-02-07 TFC 3shock TONE TEST session ,2,Chamber1,277,squad-1,73,2,14.667,0.76,73.33,11.97,0,192
2020-02-07 TFC 3shock TONE TEST session ,2,Chamber1,277,squad-1,74,2,10.333,0.54,51.67,65.94,0,763
2020-02-07 TFC 3shock TONE TEST session ,2,Chamber1,277,squad-1,75,2,7.533,0.39,37.67,39.95,0,461
2020-02-07 TFC 3shock TONE TEST session ,2,Chamber1,277,squad-1,76,5,14.733,0.77,73.67,11.19,0,236
2020-02-07 TFC 3shock TONE TEST session ,2,Chamber1,277,squad-1,77,3,18.233,0.95,91.17,3.11,0,140
2020-02-07 TFC 3shock TONE TEST session ,2,Chamber1,277,squad-1,78,2,19.633,1.02,98.17,0.62,0,75
2020-02-07 TFC 3shock TONE TEST session ,2,Chamber1,277,squad-1,79,5,17.133,0.89,85.67,5.88,0,153
2020-02-07 TFC 3shock TONE TEST session ,2,Chamber1,277,squad-1,80,2,19.4,1.01,97,0.37,0,37
2020-02-07 TFC 3shock TONE TEST session ,2,Chamber1,277,squad-1,81,3,19.2,1,96,0.68,0,53
2020-02-07 TFC 3shock TONE TEST session ,2,Chamber1,277,squad-1,82,1,20,1.04,100,0.02,0,7
2020-02-07 TFC 3shock TONE TEST session ,2,Chamber1,277,squad-1,83,3,12.667,0.66,63.33,12.5,0,177
2020-02-07 TFC 3shock TONE TEST session ,2,Chamber1,277,squad-1,84,3,11.667,0.61,58.33,13.25,0,147
,,,,,,,,,,,,
2020-02-07 TFC 3shock TONE TEST session ,2,Chamber2,278,squad-1,1,0,0,0,0,115.14,0,621
2020-02-07 TFC 3shock TONE TEST session ,2,Chamber2,278,squad-1,2,2,4.367,0.23,21.83,110.24,0,747
2020-02-07 TFC 3shock TONE TEST session ,2,Chamber2,278,squad-1,3,1,1.1,0.06,5.5,305.19,0,1985
2020-02-07 TFC 3shock TONE TEST session ,2,Chamber2,278,squad-1,4,1,1.367,0.07,6.83,161.31,0,810
2020-02-07 TFC 3shock TONE TEST session ,2,Chamber2,278,squad-1,5,4,4.933,0.26,24.67,101.21,0,1198
2020-02-07 TFC 3shock TONE TEST session ,2,Chamber2,278,squad-1,6,1,1.033,0.05,5.17,111.36,0,1365
2020-02-07 TFC 3shock TONE TEST session ,2,Chamber2,278,squad-1,7,2,4.533,0.24,22.67,29.33,0,236
2020-02-07 TFC 3shock TONE TEST session ,2,Chamber2,278,squad-1,8,1,1.6,0.08,8,167.56,0,1111
2020-02-07 TFC 3shock TONE TEST session ,2,Chamber2,278,squad-1,9,1,1.167,0.06,5.83,333.56,0,1990
2020-02-07 TFC 3shock TONE TEST session ,2,Chamber2,278,squad-1,10,0,0,0,0,371.61,0,1534
2020-02-07 TFC 3shock TONE TEST session ,2,Chamber2,278,squad-1,11,4,6.767,0.35,33.83,89.73,0,1069
2020-02-07 TFC 3shock TONE TEST session ,2,Chamber2,278,squad-1,12,1,3.033,0.16,15.17,271.64,0,1493
2020-02-07 TFC 3shock TONE TEST session ,2,Chamber2,278,squad-1,Tone-1,6,10.233,0.53,51.17,40.83,0,579
2020-02-07 TFC 3shock TONE TEST session ,2,Chamber2,278,squad-1,Trace-1,2,5.167,0.27,25.83,141.96,0,1047
2020-02-07 TFC 3shock TONE TEST session ,2,Chamber2,278,squad-1,13,2,3.2,0.17,16,79.52,0,1049
2020-02-07 TFC 3shock TONE TEST session ,2,Chamber2,278,squad-1,14,2,2.467,0.13,12.33,47.01,0,759
2020-02-07 TFC 3shock TONE TEST session ,2,Chamber2,278,squad-1,15,3,8.767,0.46,43.83,71.77,0,999
2020-02-07 TFC 3shock TONE TEST session ,2,Chamber2,278,squad-1,16,1,2.533,0.13,12.67,163.33,0,1095
2020-02-07 TFC 3shock TONE TEST session ,2,Chamber2,278,squad-1,17,1,1.267,0.07,6.33,177.97,0,1082
2020-02-07 TFC 3shock TONE TEST session ,2,Chamber2,278,squad-1,18,2,3.5,0.18,17.5,79.92,0,439
2020-02-07 TFC 3shock TONE TEST session ,2,Chamber2,278,squad-1,19,0,0,0,0,194.27,0,1199
2020-02-07 TFC 3shock TONE TEST session ,2,Chamber2,278,squad-1,20,2,3.833,0.2,19.17,234.06,0,1422
2020-02-07 TFC 3shock TONE TEST session ,2,Chamber2,278,squad-1,21,3,5.267,0.27,26.33,168.1,0,1254
2020-02-07 TFC 3shock TONE TEST session ,2,Chamber2,278,squad-1,22,3,5.9,0.31,29.5,85.43,0,604
2020-02-07 TFC 3shock TONE TEST session ,2,Chamber2,278,squad-1,23,4,6.433,0.34,32.17,45.36,0,404
2020-02-07 TFC 3shock TONE TEST session ,2,Chamber2,278,squad-1,24,2,2.4,0.13,12,164.11,0,1700
2020-02-07 TFC 3shock TONE TEST session ,2,Chamber2,278,squad-1,Tone-2,4,14.733,0.77,73.67,29.49,0,463
2020-02-07 TFC 3shock TONE TEST session ,2,Chamber2,278,squad-1,Trace-2,1,5.333,0.28,26.67,59.81,0,497
2020-02-07 TFC 3shock TONE TEST session ,2,Chamber2,278,squad-1,25,5,8.2,0.43,41,31.67,0,275
2020-02-07 TFC 3shock TONE TEST session ,2,Chamber2,278,squad-1,26,2,3.1,0.16,15.5,117.37,0,748
2020-02-07 TFC 3shock TONE TEST session ,2,Chamber2,278,squad-1,27,2,5.467,0.28,27.33,130.38,0,831
2020-02-07 TFC 3shock TONE TEST session ,2,Chamber2,278,squad-1,28,4,9.567,0.5,47.83,52.52,0,450
2020-02-07 TFC 3shock TONE TEST session ,2,Chamber2,278,squad-1,29,7,13.9,0.72,69.5,10.07,0,195
2020-02-07 TFC 3shock TONE TEST session ,2,Chamber2,278,squad-1,30,4,11.2,0.58,56,65.91,0,856
2020-02-07 TFC 3shock TONE TEST session ,2,Chamber2,278,squad-1,31,2,4,0.21,20,43.7,0,300
2020-02-07 TFC 3shock TONE TEST session ,2,Chamber2,278,squad-1,32,0,0,0,0,81.76,0,324
2020-02-07 TFC 3shock TONE TEST session ,2,Chamber2,278,squad-1,33,1,1.467,0.08,7.33,76.72,0,611
2020-02-07 TFC 3shock TONE TEST session ,2,Chamber2,278,squad-1,34,0,0,0,0,221.58,0,1014
2020-02-07 TFC 3shock TONE TEST session ,2,Chamber2,278,squad-1,35,4,9.8,0.51,49,45.06,0,635
2020-02-07 TFC 3shock TONE TEST session ,2,Chamber2,278,squad-1,36,2,2.567,0.13,12.83,122.5,0,991
2020-02-07 TFC 3shock TONE TEST session ,2,Chamber2,278,squad-1,Tone-3,3,13.167,0.69,65.83,14.82,0,306
2020-02-07 TFC 3shock TONE TEST session ,2,Chamber2,278,squad-1,Trace-3,3,5.7,0.3,28.5,55.21,0,355
2020-02-07 TFC 3shock TONE TEST session ,2,Chamber2,278,squad-1,37,1,1.067,0.06,5.33,137.64,0,632
2020-02-07 TFC 3shock TONE TEST session ,2,Chamber2,278,squad-1,38,2,5.3,0.28,26.5,201.23,0,1191
2020-02-07 TFC 3shock TONE TEST session ,2,Chamber2,278,squad-1,39,3,14.033,0.73,70.17,13.83,0,215
2020-02-07 TFC 3shock TONE TEST session ,2,Chamber2,278,squad-1,40,1,1.667,0.09,8.33,94.27,0,619
2020-02-07 TFC 3shock TONE TEST session ,2,Chamber2,278,squad-1,41,0,0,0,0,78.02,0,268
2020-02-07 TFC 3shock TONE TEST session ,2,Chamber2,278,squad-1,42,0,0,0,0,80.16,0,376
2020-02-07 TFC 3shock TONE TEST session ,2,Chamber2,278,squad-1,43,1,1.8,0.09,9,81,0,265
2020-02-07 TFC 3shock TONE TEST session ,2,Chamber2,278,squad-1,44,1,2.167,0.11,10.83,61.53,0,287
2020-02-07 TFC 3shock TONE TEST session ,2,Chamber2,278,squad-1,45,1,1.767,0.09,8.83,61.19,0,266
2020-02-07 TFC 3shock TONE TEST session ,2,Chamber2,278,squad-1,46,3,12.767,0.66,63.83,17.46,0,339
2020-02-07 TFC 3shock TONE TEST session ,2,Chamber2,278,squad-1,47,1,2.4,0.13,12,58.41,0,456
2020-02-07 TFC 3shock TONE TEST session ,2,Chamber2,278,squad-1,48,5,9.933,0.52,49.67,12.05,0,245
2020-02-07 TFC 3shock TONE TEST session ,2,Chamber2,278,squad-1,Tone-4,3,15.7,0.82,78.5,5.91,0,219
2020-02-07 TFC 3shock TONE TEST session ,2,Chamber2,278,squad-1,Trace-4,4,17,0.89,85,3.7,0,133
2020-02-07 TFC 3shock TONE TEST session ,2,Chamber2,278,squad-1,49,5,17.933,0.93,89.67,2.01,0,87
2020-02-07 TFC 3shock TONE TEST session ,2,Chamber2,278,squad-1,50,1,12.467,0.65,62.33,33.71,0,594
2020-02-07 TFC 3shock TONE TEST session ,2,Chamber2,278,squad-1,51,1,1.167,0.06,5.83,154.22,0,861
2020-02-07 TFC 3shock TONE TEST session ,2,Chamber2,278,squad-1,52,2,3.1,0.16,15.5,58.89,0,439
2020-02-07 TFC 3shock TONE TEST session ,2,Chamber2,278,squad-1,53,3,10.167,0.53,50.83,42.99,0,711
2020-02-07 TFC 3shock TONE TEST session ,2,Chamber2,278,squad-1,54,3,4.033,0.21,20.17,52,0,422
2020-02-07 TFC 3shock TONE TEST session ,2,Chamber2,278,squad-1,55,6,18.267,0.95,91.33,3.76,0,105
2020-02-07 TFC 3shock TONE TEST session ,2,Chamber2,278,squad-1,56,6,18.667,0.97,93.33,1.06,0,52
2020-02-07 TFC 3shock TONE TEST session ,2,Chamber2,278,squad-1,57,5,19.433,1.01,97.17,1.37,0,76
2020-02-07 TFC 3shock TONE TEST session ,2,Chamber2,278,squad-1,58,1,16.4,0.85,82,10.42,0,214
2020-02-07 TFC 3shock TONE TEST session ,2,Chamber2,278,squad-1,59,0,0,0,0,74.61,0,407
2020-02-07 TFC 3shock TONE TEST session ,2,Chamber2,278,squad-1,60,2,2.8,0.15,14,50.69,0,239
2020-02-07 TFC 3shock TONE TEST session ,2,Chamber2,278,squad-1,Tone-5,4,8.067,0.42,40.33,34.4,0,247
2020-02-07 TFC 3shock TONE TEST session ,2,Chamber2,278,squad-1,Trace-5,2,4.133,0.22,20.67,40.89,0,558
2020-02-07 TFC 3shock TONE TEST session ,2,Chamber2,278,squad-1,61,8,12.067,0.63,60.33,7.59,0,88
2020-02-07 TFC 3shock TONE TEST session ,2,Chamber2,278,squad-1,62,4,17.5,0.91,87.5,4.07,0,130
2020-02-07 TFC 3shock TONE TEST session ,2,Chamber2,278,squad-1,63,8,16.033,0.84,80.17,4.8,0,109
2020-02-07 TFC 3shock TONE TEST session ,2,Chamber2,278,squad-1,64,4,15.233,0.79,76.17,5.26,0,177
2020-02-07 TFC 3shock TONE TEST session ,2,Chamber2,278,squad-1,65,2,12.133,0.63,60.67,18.28,0,268
2020-02-07 TFC 3shock TONE TEST session ,2,Chamber2,278,squad-1,66,0,0,0,0,63.14,0,257
2020-02-07 TFC 3shock TONE TEST session ,2,Chamber2,278,squad-1,67,0,0,0,0,55.49,0,323
2020-02-07 TFC 3shock TONE TEST session ,2,Chamber2,278,squad-1,68,2,3.133,0.16,15.67,68.04,0,604
2020-02-07 TFC 3shock TONE TEST session ,2,Chamber2,278,squad-1,69,1,1.267,0.07,6.33,95.4,0,755
2020-02-07 TFC 3shock TONE TEST session ,2,Chamber2,278,squad-1,70,3,6.7,0.35,33.5,81.72,0,766
2020-02-07 TFC 3shock TONE TEST session ,2,Chamber2,278,squad-1,71,4,15.233,0.79,76.17,4.47,0,121
2020-02-07 TFC 3shock TONE TEST session ,2,Chamber2,278,squad-1,72,4,16.467,0.86,82.33,3.7,0,132
2020-02-07 TFC 3shock TONE TEST session ,2,Chamber2,278,squad-1,Tone-6,3,17.1,0.89,85.5,4.25,0,117
2020-02-07 TFC 3shock TONE TEST session ,2,Chamber2,278,squad-1,Trace-6,1,20,1.04,100,0.09,0,8
2020-02-07 TFC 3shock TONE TEST session ,2,Chamber2,278,squad-1,73,1,20,1.04,100,0.03,0,8
2020-02-07 TFC 3shock TONE TEST session ,2,Chamber2,278,squad-1,74,3,19.567,1.02,97.83,0.85,0,71
2020-02-07 TFC 3shock TONE TEST session ,2,Chamber2,278,squad-1,75,1,8.267,0.43,41.33,48.2,0,521
2020-02-07 TFC 3shock TONE TEST session ,2,Chamber2,278,squad-1,76,3,4.4,0.23,22,53.27,0,465
2020-02-07 TFC 3shock TONE TEST session ,2,Chamber2,278,squad-1,77,5,11.267,0.59,56.33,12.73,0,152
2020-02-07 TFC 3shock TONE TEST session ,2,Chamber2,278,squad-1,78,1,20,1.04,100,0,0,0
2020-02-07 TFC 3shock TONE TEST session ,2,Chamber2,278,squad-1,79,1,5.133,0.27,25.67,63.03,0,429
2020-02-07 TFC 3shock TONE TEST session ,2,Chamber2,278,squad-1,80,3,7.7,0.4,38.5,37.1,0,473
2020-02-07 TFC 3shock TONE TEST session ,2,Chamber2,278,squad-1,81,1,1.167,0.06,5.83,234.14,0,1258
2020-02-07 TFC 3shock TONE TEST session ,2,Chamber2,278,squad-1,82,4,6.167,0.32,30.83,127.43,0,743
2020-02-07 TFC 3shock TONE TEST session ,2,Chamber2,278,squad-1,83,4,9.433,0.49,47.17,73.58,0,1221
2020-02-07 TFC 3shock TONE TEST session ,2,Chamber2,278,squad-1,84,2,5.967,0.31,29.83,44.53,0,374
,,,,,,,,,,,,
2020-02-07 TFC 3shock TONE TEST session ,2,Chamber3,283,squad-1,1,0,0,0,0,228.24,0,908
2020-02-07 TFC 3shock TONE TEST session ,2,Chamber3,283,squad-1,2,0,0,0,0,38.82,0,404
2020-02-07 TFC 3shock TONE TEST session ,2,Chamber3,283,squad-1,3,0,0,0,0,163.75,0,843
2020-02-07 TFC 3shock TONE TEST session ,2,Chamber3,283,squad-1,4,0,0,0,0,44.32,0,313
2020-02-07 TFC 3shock TONE TEST session ,2,Chamber3,283,squad-1,5,0,0,0,0,54.43,0,658
2020-02-07 TFC 3shock TONE TEST session ,2,Chamber3,283,squad-1,6,1,1.4,0.07,7,25.29,0,249
2020-02-07 TFC 3shock TONE TEST session ,2,Chamber3,283,squad-1,7,0,0,0,0,157.46,0,775
2020-02-07 TFC 3shock TONE TEST session ,2,Chamber3,283,squad-1,8,3,4.6,0.24,23,53,0,584
2020-02-07 TFC 3shock TONE TEST session ,2,Chamber3,283,squad-1,9,6,9.1,0.47,45.5,23,0,232
2020-02-07 TFC 3shock TONE TEST session ,2,Chamber3,283,squad-1,10,4,7.167,0.37,35.83,29.42,0,325
2020-02-07 TFC 3shock TONE TEST session ,2,Chamber3,283,squad-1,11,4,17.067,0.89,85.33,5.39,0,144
2020-02-07 TFC 3shock TONE TEST session ,2,Chamber3,283,squad-1,12,0,0,0,0,236.57,0,840
2020-02-07 TFC 3shock TONE TEST session ,2,Chamber3,283,squad-1,Tone-1,3,14.033,0.73,70.17,33.87,0,572
2020-02-07 TFC 3shock TONE TEST session ,2,Chamber3,283,squad-1,Trace-1,3,17.1,0.89,85.5,4.28,0,172
2020-02-07 TFC 3shock TONE TEST session ,2,Chamber3,283,squad-1,13,4,14.5,0.76,72.5,9.77,0,130
2020-02-07 TFC 3shock TONE TEST session ,2,Chamber3,283,squad-1,14,4,11.9,0.62,59.5,15.13,0,228
2020-02-07 TFC 3shock TONE TEST session ,2,Chamber3,283,squad-1,15,3,15.867,0.83,79.33,7.76,0,246
2020-02-07 TFC 3shock TONE TEST session ,2,Chamber3,283,squad-1,16,3,12.967,0.68,64.83,23.38,0,319
2020-02-07 TFC 3shock TONE TEST session ,2,Chamber3,283,squad-1,17,0,0,0,0,120.54,0,692
2020-02-07 TFC 3shock TONE TEST session ,2,Chamber3,283,squad-1,18,1,1.1,0.06,5.5,126.66,0,691
2020-02-07 TFC 3shock TONE TEST session ,2,Chamber3,283,squad-1,19,1,1.533,0.08,7.67,92.86,0,937
2020-02-07 TFC 3shock TONE TEST session ,2,Chamber3,283,squad-1,20,0,0,0,0,117.56,0,814
2020-02-07 TFC 3shock TONE TEST session ,2,Chamber3,283,squad-1,21,0,0,0,0,163.53,0,730
2020-02-07 TFC 3shock TONE TEST session ,2,Chamber3,283,squad-1,22,2,4.267,0.22,21.33,90.24,0,570
2020-02-07 TFC 3shock TONE TEST session ,2,Chamber3,283,squad-1,23,0,0,0,0,113.44,0,784
2020-02-07 TFC 3shock TONE TEST session ,2,Chamber3,283,squad-1,24,1,2.5,0.13,12.5,139.21,0,778
2020-02-07 TFC 3shock TONE TEST session ,2,Chamber3,283,squad-1,Tone-2,2,8.6,0.45,43,71.81,0,771
2020-02-07 TFC 3shock TONE TEST session ,2,Chamber3,283,squad-1,Trace-2,3,10.167,0.53,50.83,20.65,0,236
2020-02-07 TFC 3shock TONE TEST session ,2,Chamber3,283,squad-1,25,1,15.8,0.82,79,13.63,0,232
2020-02-07 TFC 3shock TONE TEST session ,2,Chamber3,283,squad-1,26,1,1.3,0.07,6.5,56.35,0,521
2020-02-07 TFC 3shock TONE TEST session ,2,Chamber3,283,squad-1,27,4,6.367,0.33,31.83,51.47,0,639
2020-02-07 TFC 3shock TONE TEST session ,2,Chamber3,283,squad-1,28,2,9.233,0.48,46.17,33.72,0,328
2020-02-07 TFC 3shock TONE TEST session ,2,Chamber3,283,squad-1,29,1,1.4,0.07,7,96.51,0,621
2020-02-07 TFC 3shock TONE TEST session ,2,Chamber3,283,squad-1,30,3,13.733,0.72,68.67,14.22,0,182
2020-02-07 TFC 3shock TONE TEST session ,2,Chamber3,283,squad-1,31,6,14.967,0.78,74.83,6.82,0,121
2020-02-07 TFC 3shock TONE TEST session ,2,Chamber3,283,squad-1,32,4,11.333,0.59,56.67,11.31,0,207
2020-02-07 TFC 3shock TONE TEST session ,2,Chamber3,283,squad-1,33,4,16.033,0.84,80.17,6.74,0,166
2020-02-07 TFC 3shock TONE TEST session ,2,Chamber3,283,squad-1,34,3,7.633,0.4,38.17,51.45,0,530
2020-02-07 TFC 3shock TONE TEST session ,2,Chamber3,283,squad-1,35,3,4.133,0.22,20.67,73.78,0,409
2020-02-07 TFC 3shock TONE TEST session ,2,Chamber3,283,squad-1,36,3,14.2,0.74,71,13.55,0,248
2020-02-07 TFC 3shock TONE TEST session ,2,Chamber3,283,squad-1,Tone-3,1,19.333,1.01,96.67,2.01,0,243
2020-02-07 TFC 3shock TONE TEST session ,2,Chamber3,283,squad-1,Trace-3,3,16.867,0.88,84.33,4.98,0,167
2020-02-07 TFC 3shock TONE TEST session ,2,Chamber3,283,squad-1,37,2,18.467,0.96,92.33,3.13,0,214
2020-02-07 TFC 3shock TONE TEST session ,2,Chamber3,283,squad-1,38,1,9.4,0.49,47,52.67,0,639
2020-02-07 TFC 3shock TONE TEST session ,2,Chamber3,283,squad-1,39,2,3.667,0.19,18.33,81.01,0,536
2020-02-07 TFC 3shock TONE TEST session ,2,Chamber3,283,squad-1,40,0,0,0,0,154.94,0,756
2020-02-07 TFC 3shock TONE TEST session ,2,Chamber3,283,squad-1,41,1,1.1,0.06,5.5,80.61,0,616
2020-02-07 TFC 3shock TONE TEST session ,2,Chamber3,283,squad-1,42,3,14.367,0.75,71.83,10.9,0,200
2020-02-07 TFC 3shock TONE TEST session ,2,Chamber3,283,squad-1,43,1,4.8,0.25,24,98.83,0,794
2020-02-07 TFC 3shock TONE TEST session ,2,Chamber3,283,squad-1,44,2,2.867,0.15,14.33,96.91,0,540
2020-02-07 TFC 3shock TONE TEST session ,2,Chamber3,283,squad-1,45,1,17.9,0.93,89.5,1.91,0,89
2020-02-07 TFC 3shock TONE TEST session ,2,Chamber3,283,squad-1,46,5,13.4,0.7,67,24.35,0,373
2020-02-07 TFC 3shock TONE TEST session ,2,Chamber3,283,squad-1,47,2,5.2,0.27,26,32.88,0,287
2020-02-07 TFC 3shock TONE TEST session ,2,Chamber3,283,squad-1,48,0,0,0,0,154.33,0,686
2020-02-07 TFC 3shock TONE TEST session ,2,Chamber3,283,squad-1,Tone-4,4,13.233,0.69,66.17,24.27,0,445
2020-02-07 TFC 3shock TONE TEST session ,2,Chamber3,283,squad-1,Trace-4,7,17.8,0.93,89,3.71,0,94
2020-02-07 TFC 3shock TONE TEST session ,2,Chamber3,283,squad-1,49,2,15.533,0.81,77.67,9.28,0,202
2020-02-07 TFC 3shock TONE TEST session ,2,Chamber3,283,squad-1,50,2,17.467,0.91,87.33,4.05,0,150
2020-02-07 TFC 3shock TONE TEST session ,2,Chamber3,283,squad-1,51,2,10.5,0.55,52.5,29.95,0,298
2020-02-07 TFC 3shock TONE TEST session ,2,Chamber3,283,squad-1,52,2,4,0.21,20,79.43,0,532
2020-02-07 TFC 3shock TONE TEST session ,2,Chamber3,283,squad-1,53,2,12.9,0.67,64.5,32.02,0,469
2020-02-07 TFC 3shock TONE TEST session ,2,Chamber3,283,squad-1,54,3,9.833,0.51,49.17,36.66,0,587
2020-02-07 TFC 3shock TONE TEST session ,2,Chamber3,283,squad-1,55,2,19.967,1.04,99.83,0.07,0,20
2020-02-07 TFC 3shock TONE TEST session ,2,Chamber3,283,squad-1,56,3,11.1,0.58,55.5,16.98,0,218
2020-02-07 TFC 3shock TONE TEST session ,2,Chamber3,283,squad-1,57,2,19.833,1.03,99.17,0.43,0,60
2020-02-07 TFC 3shock TONE TEST session ,2,Chamber3,283,squad-1,58,4,16.567,0.86,82.83,10.05,0,199
2020-02-07 TFC 3shock TONE TEST session ,2,Chamber3,283,squad-1,59,1,18.167,0.95,90.83,6.8,0,208
2020-02-07 TFC 3shock TONE TEST session ,2,Chamber3,283,squad-1,60,0,0,0,0,122.06,0,657
2020-02-07 TFC 3shock TONE TEST session ,2,Chamber3,283,squad-1,Tone-5,1,17.8,0.93,89,9.55,0,327
2020-02-07 TFC 3shock TONE TEST session ,2,Chamber3,283,squad-1,Trace-5,2,18.133,0.94,90.67,3.44,0,153
2020-02-07 TFC 3shock TONE TEST session ,2,Chamber3,283,squad-1,61,2,18.133,0.94,90.67,4.95,0,251
2020-02-07 TFC 3shock TONE TEST session ,2,Chamber3,283,squad-1,62,1,6.033,0.31,30.17,47.23,0,344
2020-02-07 TFC 3shock TONE TEST session ,2,Chamber3,283,squad-1,63,1,2.8,0.15,14,92.93,0,476
2020-02-07 TFC 3shock TONE TEST session ,2,Chamber3,283,squad-1,64,1,2.167,0.11,10.83,85.31,0,393
2020-02-07 TFC 3shock TONE TEST session ,2,Chamber3,283,squad-1,65,2,11.4,0.59,57,28.89,0,501
2020-02-07 TFC 3shock TONE TEST session ,2,Chamber3,283,squad-1,66,3,18.867,0.98,94.33,1.44,0,80
2020-02-07 TFC 3shock TONE TEST session ,2,Chamber3,283,squad-1,67,3,14.2,0.74,71,14.64,0,214
2020-02-07 TFC 3shock TONE TEST session ,2,Chamber3,283,squad-1,68,1,20,1.04,100,0,0,1
2020-02-07 TFC 3shock TONE TEST session ,2,Chamber3,283,squad-1,69,2,15.033,0.78,75.17,7.21,0,275
2020-02-07 TFC 3shock TONE TEST session ,2,Chamber3,283,squad-1,70,1,12.7,0.66,63.5,34.94,0,290
2020-02-07 TFC 3shock TONE TEST session ,2,Chamber3,283,squad-1,71,0,0,0,0,86.92,0,467
2020-02-07 TFC 3shock TONE TEST session ,2,Chamber3,283,squad-1,72,5,9.833,0.51,49.17,10.61,0,184
2020-02-07 TFC 3shock TONE TEST session ,2,Chamber3,283,squad-1,Tone-6,1,15.267,0.8,76.33,17.63,0,249
2020-02-07 TFC 3shock TONE TEST session ,2,Chamber3,283,squad-1,Trace-6,2,11.8,0.61,59,26.24,0,323
2020-02-07 TFC 3shock TONE TEST session ,2,Chamber3,283,squad-1,73,2,6.733,0.35,33.67,77.26,0,376
2020-02-07 TFC 3shock TONE TEST session ,2,Chamber3,283,squad-1,74,2,6.333,0.33,31.67,62.72,0,497
2020-02-07 TFC 3shock TONE TEST session ,2,Chamber3,283,squad-1,75,2,18.767,0.98,93.83,2.39,0,131
2020-02-07 TFC 3shock TONE TEST session ,2,Chamber3,283,squad-1,76,2,18.9,0.98,94.5,2.66,0,131
2020-02-07 TFC 3shock TONE TEST session ,2,Chamber3,283,squad-1,77,5,16.6,0.86,83,4.7,0,184
2020-02-07 TFC 3shock TONE TEST session ,2,Chamber3,283,squad-1,78,1,19.533,1.02,97.67,1.82,0,334
2020-02-07 TFC 3shock TONE TEST session ,2,Chamber3,283,squad-1,79,0,0,0,0,120.23,0,504
2020-02-07 TFC 3shock TONE TEST session ,2,Chamber3,283,squad-1,80,1,1.467,0.08,7.33,125.2,0,700
2020-02-07 TFC 3shock TONE TEST session ,2,Chamber3,283,squad-1,81,1,13.167,0.69,65.83,40.1,0,606
2020-02-07 TFC 3shock TONE TEST session ,2,Chamber3,283,squad-1,82,2,5.7,0.3,28.5,77.71,0,482
2020-02-07 TFC 3shock TONE TEST session ,2,Chamber3,283,squad-1,83,3,12.667,0.66,63.33,12.84,0,223
2020-02-07 TFC 3shock TONE TEST session ,2,Chamber3,283,squad-1,84,1,19.967,1.04,99.83,0.11,0,42
,,,,,,,,,,,,
2020-02-07 TFC 3shock TONE TEST session ,2,Chamber4,284,squad-1,1,0,0,0,0,207.32,0,1011
2020-02-07 TFC 3shock TONE TEST session ,2,Chamber4,284,squad-1,2,0,0,0,0,102.05,0,672
2020-02-07 TFC 3shock TONE TEST session ,2,Chamber4,284,squad-1,3,1,1.033,0.05,5.17,116.76,0,672
2020-02-07 TFC 3shock TONE TEST session ,2,Chamber4,284,squad-1,4,1,1.633,0.09,8.17,52.57,0,601
2020-02-07 TFC 3shock TONE TEST session ,2,Chamber4,284,squad-1,5,1,1.8,0.09,9,168.27,0,1332
2020-02-07 TFC 3shock TONE TEST session ,2,Chamber4,284,squad-1,6,4,6.867,0.36,34.33,12.12,0,102
2020-02-07 TFC 3shock TONE TEST session ,2,Chamber4,284,squad-1,7,0,0,0,0,117.11,0,879
2020-02-07 TFC 3shock TONE TEST session ,2,Chamber4,284,squad-1,8,3,3.667,0.19,18.33,115.2,0,807
2020-02-07 TFC 3shock TONE TEST session ,2,Chamber4,284,squad-1,9,4,6.5,0.34,32.5,14.52,0,248
2020-02-07 TFC 3shock TONE TEST session ,2,Chamber4,284,squad-1,10,6,10.233,0.53,51.17,12.66,0,201
2020-02-07 TFC 3shock TONE TEST session ,2,Chamber4,284,squad-1,11,1,1.3,0.07,6.5,171.1,0,1017
2020-02-07 TFC 3shock TONE TEST session ,2,Chamber4,284,squad-1,12,3,7.4,0.39,37,13.29,0,118
2020-02-07 TFC 3shock TONE TEST session ,2,Chamber4,284,squad-1,Tone-1,4,13.333,0.69,66.67,11.14,0,179
2020-02-07 TFC 3shock TONE TEST session ,2,Chamber4,284,squad-1,Trace-1,5,14.9,0.78,74.5,14.52,0,367
2020-02-07 TFC 3shock TONE TEST session ,2,Chamber4,284,squad-1,13,3,4.8,0.25,24,44.87,0,345
2020-02-07 TFC 3shock TONE TEST session ,2,Chamber4,284,squad-1,14,1,4.567,0.24,22.83,72.32,0,592
2020-02-07 TFC 3shock TONE TEST session ,2,Chamber4,284,squad-1,15,1,1.133,0.06,5.67,53.81,0,545
2020-02-07 TFC 3shock TONE TEST session ,2,Chamber4,284,squad-1,16,6,12.433,0.65,62.17,17.84,0,212
2020-02-07 TFC 3shock TONE TEST session ,2,Chamber4,284,squad-1,17,1,1.933,0.1,9.67,131.35,0,843
2020-02-07 TFC 3shock TONE TEST session ,2,Chamber4,284,squad-1,18,4,14.567,0.76,72.83,15.02,0,352
2020-02-07 TFC 3shock TONE TEST session ,2,Chamber4,284,squad-1,19,5,15.1,0.79,75.5,6.39,0,101
2020-02-07 TFC 3shock TONE TEST session ,2,Chamber4,284,squad-1,20,4,6.533,0.34,32.67,59.97,0,509
2020-02-07 TFC 3shock TONE TEST session ,2,Chamber4,284,squad-1,21,2,2.833,0.15,14.17,74.31,0,475
2020-02-07 TFC 3shock TONE TEST session ,2,Chamber4,284,squad-1,22,4,5.133,0.27,25.67,162.56,0,1272
2020-02-07 TFC 3shock TONE TEST session ,2,Chamber4,284,squad-1,23,7,13.5,0.7,67.5,5.97,0,106
2020-02-07 TFC 3shock TONE TEST session ,2,Chamber4,284,squad-1,24,5,10.5,0.55,52.5,31.2,0,499
2020-02-07 TFC 3shock TONE TEST session ,2,Chamber4,284,squad-1,Tone-2,1,12.067,0.63,60.33,13.66,0,267
2020-02-07 TFC 3shock TONE TEST session ,2,Chamber4,284,squad-1,Trace-2,1,3,0.16,15,55.82,0,610
2020-02-07 TFC 3shock TONE TEST session ,2,Chamber4,284,squad-1,25,1,1.367,0.07,6.83,101.81,0,650
2020-02-07 TFC 3shock TONE TEST session ,2,Chamber4,284,squad-1,26,1,1.1,0.06,5.5,139.28,0,729
2020-02-07 TFC 3shock TONE TEST session ,2,Chamber4,284,squad-1,27,2,2.767,0.14,13.83,165.83,0,782
2020-02-07 TFC 3shock TONE TEST session ,2,Chamber4,284,squad-1,28,2,2.467,0.13,12.33,151.95,0,1124
2020-02-07 TFC 3shock TONE TEST session ,2,Chamber4,284,squad-1,29,1,3.833,0.2,19.17,109.12,0,979
2020-02-07 TFC 3shock TONE TEST session ,2,Chamber4,284,squad-1,30,0,0,0,0,63.24,0,206
2020-02-07 TFC 3shock TONE TEST session ,2,Chamber4,284,squad-1,31,0,0,0,0,79.53,0,573
2020-02-07 TFC 3shock TONE TEST session ,2,Chamber4,284,squad-1,32,6,12.433,0.65,62.17,42.23,0,551
2020-02-07 TFC 3shock TONE TEST session ,2,Chamber4,284,squad-1,33,5,11.5,0.6,57.5,20.89,0,212
2020-02-07 TFC 3shock TONE TEST session ,2,Chamber4,284,squad-1,34,0,0,0,0,170.01,0,843
2020-02-07 TFC 3shock TONE TEST session ,2,Chamber4,284,squad-1,35,3,5.967,0.31,29.83,120.76,0,856
2020-02-07 TFC 3shock TONE TEST session ,2,Chamber4,284,squad-1,36,3,4.133,0.22,20.67,49.12,0,524
2020-02-07 TFC 3shock TONE TEST session ,2,Chamber4,284,squad-1,Tone-3,4,13.767,0.72,68.83,9.54,0,183
2020-02-07 TFC 3shock TONE TEST session ,2,Chamber4,284,squad-1,Trace-3,4,10.5,0.55,52.5,24.56,0,423
2020-02-07 TFC 3shock TONE TEST session ,2,Chamber4,284,squad-1,37,0,0,0,0,64.61,0,308
2020-02-07 TFC 3shock TONE TEST session ,2,Chamber4,284,squad-1,38,1,3.267,0.17,16.33,45.88,0,358
2020-02-07 TFC 3shock TONE TEST session ,2,Chamber4,284,squad-1,39,0,0,0,0,74.43,0,331
2020-02-07 TFC 3shock TONE TEST session ,2,Chamber4,284,squad-1,40,1,3.3,0.17,16.5,71.77,0,512
2020-02-07 TFC 3shock TONE TEST session ,2,Chamber4,284,squad-1,41,0,0,0,0,142.92,0,714
2020-02-07 TFC 3shock TONE TEST session ,2,Chamber4,284,squad-1,42,1,3.533,0.18,17.67,115.11,0,679
2020-02-07 TFC 3shock TONE TEST session ,2,Chamber4,284,squad-1,43,5,14.833,0.77,74.17,9.46,0,177
2020-02-07 TFC 3shock TONE TEST session ,2,Chamber4,284,squad-1,44,2,4,0.21,20,95.77,0,702
2020-02-07 TFC 3shock TONE TEST session ,2,Chamber4,284,squad-1,45,1,10.7,0.56,53.5,19.27,0,283
2020-02-07 TFC 3shock TONE TEST session ,2,Chamber4,284,squad-1,46,4,14.5,0.76,72.5,7.4,0,123
2020-02-07 TFC 3shock TONE TEST session ,2,Chamber4,284,squad-1,47,1,1.1,0.06,5.5,92.34,0,609
2020-02-07 TFC 3shock TONE TEST session ,2,Chamber4,284,squad-1,48,2,7.067,0.37,35.33,46.16,0,546
2020-02-07 TFC 3shock TONE TEST session ,2,Chamber4,284,squad-1,Tone-4,4,16.367,0.85,81.83,5.57,0,208
2020-02-07 TFC 3shock TONE TEST session ,2,Chamber4,284,squad-1,Trace-4,4,13.333,0.69,66.67,14.53,0,202
2020-02-07 TFC 3shock TONE TEST session ,2,Chamber4,284,squad-1,49,2,8.833,0.46,44.17,29.15,0,290
2020-02-07 TFC 3shock TONE TEST session ,2,Chamber4,284,squad-1,50,2,2.367,0.12,11.83,73.32,0,651
2020-02-07 TFC 3shock TONE TEST session ,2,Chamber4,284,squad-1,51,1,3.1,0.16,15.5,72.02,0,513
2020-02-07 TFC 3shock TONE TEST session ,2,Chamber4,284,squad-1,52,1,2.467,0.13,12.33,83.27,0,549
2020-02-07 TFC 3shock TONE TEST session ,2,Chamber4,284,squad-1,53,1,8.967,0.47,44.83,53.02,0,559
2020-02-07 TFC 3shock TONE TEST session ,2,Chamber4,284,squad-1,54,3,16.5,0.86,82.5,5.25,0,138
2020-02-07 TFC 3shock TONE TEST session ,2,Chamber4,284,squad-1,55,2,6.333,0.33,31.67,30.69,0,358
2020-02-07 TFC 3shock TONE TEST session ,2,Chamber4,284,squad-1,56,2,8.3,0.43,41.5,13.46,0,151
2020-02-07 TFC 3shock TONE TEST session ,2,Chamber4,284,squad-1,57,3,6.567,0.34,32.83,31.73,0,241
2020-02-07 TFC 3shock TONE TEST session ,2,Chamber4,284,squad-1,58,0,0,0,0,65.23,0,241
2020-02-07 TFC 3shock TONE TEST session ,2,Chamber4,284,squad-1,59,0,0,0,0,60.83,0,268
2020-02-07 TFC 3shock TONE TEST session ,2,Chamber4,284,squad-1,60,1,2.567,0.13,12.83,73.54,0,490
2020-02-07 TFC 3shock TONE TEST session ,2,Chamber4,284,squad-1,Tone-5,5,8.333,0.43,41.67,38.53,0,369
2020-02-07 TFC 3shock TONE TEST session ,2,Chamber4,284,squad-1,Trace-5,3,17.2,0.9,86,2.37,0,92
2020-02-07 TFC 3shock TONE TEST session ,2,Chamber4,284,squad-1,61,4,19.067,0.99,95.33,1.14,0,59
2020-02-07 TFC 3shock TONE TEST session ,2,Chamber4,284,squad-1,62,4,13.667,0.71,68.33,7.69,0,100
2020-02-07 TFC 3shock TONE TEST session ,2,Chamber4,284,squad-1,63,2,17,0.89,85,3.3,0,92
2020-02-07 TFC 3shock TONE TEST session ,2,Chamber4,284,squad-1,64,1,12.6,0.66,63,6.17,0,166
2020-02-07 TFC 3shock TONE TEST session ,2,Chamber4,284,squad-1,65,1,11.4,0.59,57,9.37,0,243
2020-02-07 TFC 3shock TONE TEST session ,2,Chamber4,284,squad-1,66,2,17.967,0.94,89.83,0.82,0,44
2020-02-07 TFC 3shock TONE TEST session ,2,Chamber4,284,squad-1,67,1,6.7,0.35,33.5,43.47,0,430
2020-02-07 TFC 3shock TONE TEST session ,2,Chamber4,284,squad-1,68,2,3.6,0.19,18,63.1,0,601
2020-02-07 TFC 3shock TONE TEST session ,2,Chamber4,284,squad-1,69,2,16.867,0.88,84.33,1.66,0,60
2020-02-07 TFC 3shock TONE TEST session ,2,Chamber4,284,squad-1,70,3,16.5,0.86,82.5,4.49,0,95
2020-02-07 TFC 3shock TONE TEST session ,2,Chamber4,284,squad-1,71,3,16.933,0.88,84.67,2.26,0,56
2020-02-07 TFC 3shock TONE TEST session ,2,Chamber4,284,squad-1,72,4,18.333,0.95,91.67,2.35,0,128
2020-02-07 TFC 3shock TONE TEST session ,2,Chamber4,284,squad-1,Tone-6,3,18,0.94,90,2.33,0,82
2020-02-07 TFC 3shock TONE TEST session ,2,Chamber4,284,squad-1,Trace-6,3,8.667,0.45,43.33,31.06,0,324
2020-02-07 TFC 3shock TONE TEST session ,2,Chamber4,284,squad-1,73,3,4.6,0.24,23,27.57,0,237
2020-02-07 TFC 3shock TONE TEST session ,2,Chamber4,284,squad-1,74,4,5.967,0.31,29.83,21.16,0,222
2020-02-07 TFC 3shock TONE TEST session ,2,Chamber4,284,squad-1,75,3,6.167,0.32,30.83,37.25,0,304
2020-02-07 TFC 3shock TONE TEST session ,2,Chamber4,284,squad-1,76,1,1.067,0.06,5.33,83.86,0,579
2020-02-07 TFC 3shock TONE TEST session ,2,Chamber4,284,squad-1,77,3,5.733,0.3,28.67,42.46,0,345
2020-02-07 TFC 3shock TONE TEST session ,2,Chamber4,284,squad-1,78,4,6,0.31,30,22.54,0,232
2020-02-07 TFC 3shock TONE TEST session ,2,Chamber4,284,squad-1,79,0,0,0,0,56.2,0,250
2020-02-07 TFC 3shock TONE TEST session ,2,Chamber4,284,squad-1,80,4,6.4,0.33,32,39.93,0,332
2020-02-07 TFC 3shock TONE TEST session ,2,Chamber4,284,squad-1,81,3,15.7,0.82,78.5,3.39,0,205
2020-02-07 TFC 3shock TONE TEST session ,2,Chamber4,284,squad-1,82,2,13.5,0.7,67.5,6.89,0,135
2020-02-07 TFC 3shock TONE TEST session ,2,Chamber4,284,squad-1,83,1,2.133,0.11,10.67,74.7,0,395
2020-02-07 TFC 3shock TONE TEST session ,2,Chamber4,284,squad-1,84,0,0,0,0,70.33,0,546
,,,,,,,,,,,,
,,,,,,,,,,,,
,,,,,,,,,,,,
,,,,,,,,,,,,
,,,,,,,,,,,,
,,,,,,,,,,,,
,,,,,,,,,,,,
,,,,,,,,,,,,
,,,,,,,,,,,,
,,,,,,,,,,,,
,,,,,,,,,,,,
,,,,,,,,,,,,
,,,,,,,,,,,,
,,,,,,,,,,,,
,,,,,,,,,,,,
,,,,,,,,,,,,
,,,,,,,,,,,,
,,,,,,,,,,,,
,,,,,,,,,,,,
,,,,,,,,,,,,
,,,,,,,,,,,,
,,,,,,,,,,,,
,,,,,,,,,,,,
,,,,,,,,,,,,
,,,,,,,,,,,,
,,,,,,,,,,,,
,,,,,,,,,,,,
,,,,,,,,,,,,
,,,,,,,,,,,,
,,,,,,,,,,,,
,,,,,,,,,,,,
,,,,,,,,,,,,
,,,,,,,,,,,,
,,,,,,,,,,,,
,,,,,,,,,,,,
,,,,,,,,,,,,
,,,,,,,,,,,,
,,,,,,,,,,,,
,,,,,,,,,,,,
,,,,,,,,,,,,
,,,,,,,,,,,,
,,,,,,,,,,,,
,,,,,,,,,,,,
,,,,,,,,,,,,
,,,,,,,,,,,,
,,,,,,,,,,,,
,,,,,,,,,,,,
,,,,,,,,,,,,
,,,,,,,,,,,,
,,,,,,,,,,,,
,,,,,,,,,,,,
,,,,,,,,,,,,
,,,,,,,,,,,,
,,,,,,,,,,,,
,,,,,,,,,,,,
,,,,,,,,,,,,
,,,,,,,,,,,,
,,,,,,,,,,,,
,,,,,,,,,,,,
,,,,,,,,,,,,
,,,,,,,,,,,,
,,,,,,,,,,,,
,,,,,,,,,,,,
,,,,,,,,,,,,
,,,,,,,,,,,,
,,,,,,,,,,,,
,,,,,,,,,,,,